timestamp,portfolio_return,turnover,transaction_cost,cumulative_wealth
2022-10-23,0.022790559979635548,0.0,0.0,1.0227905599796356
2022-10-24,-0.015773624056466803,0.0,0.0,1.0066574461980138
2022-10-25,0.06791018518257343,0.0,0.0,1.0750197397847374
2022-10-26,0.038953277191413296,0.0,0.0,1.1168952816948134
2022-10-27,-0.015789145683193756,0.0,0.0,1.0992604593792623
2022-10-28,0.030948239707105057,0.0,0.0,1.133280635576674
2022-10-29,0.07475088681160967,0.0,0.0,1.217994368092455
2022-10-30,-0.018313651886096103,0.0,0.0,1.1956884432359842
2022-10-31,0.007613094188092206,0.0,0.0,1.2047913319739532
2022-11-01,0.010618413702474423,0.0,0.0,1.2175843047620079
2022-11-02,-0.019777587641896164,0.0,0.0,1.19350342446318
2022-11-03,0.005561322106015406,0.0,0.0,1.200140881441252
2022-11-04,0.07283271677334337,0.0,0.0,1.2875504023473734
2022-11-05,0.002028257133990347,0.0,0.0,1.2901618856363064
2022-11-06,-0.038101777555110655,0.0,0.0,1.2410044244597096
2022-11-07,-0.003449032506650177,0.0,0.0,1.2367241598588514
2022-11-08,-0.1280481727541698,0.0,0.0,1.0783638909879898
2022-11-09,-0.14864397049592717,0.0,0.0,0.9180716005920978
2022-11-10,0.15662502517362464,0.0,0.0,1.061864588146025
2022-11-11,-0.026554786963918855,0.0,0.0,1.0336670002232777
2022-11-12,-0.01672709781325891,0.0,0.0,1.016376751204205
2022-11-13,-0.030584428362919462,0.0,0.0,0.9852914492672632
2022-11-14,0.018525275738716932,0.0,0.0,1.0035442450479393
2022-11-15,0.017184569880502744,0.0,0.0,1.0207897212551418
2022-11-16,-0.019060295624973647,0.0,0.0,1.0013331673970842
2022-11-17,0.00760631357271238,0.0,0.0,1.0089496214590639
2022-11-18,0.0016436781911146555,0.0,0.0,1.0106080099477894
2022-11-19,0.004012319400465217,0.0,0.0,1.0146628920723686
2022-11-20,-0.04867198579136171,0.0,0.0,0.9652772342064003
2022-11-21,-0.021395178511490344,0.0,0.0,0.9446249554674767
2022-11-22,0.04156112008051498,0.19417180540164805,0.00019417180540164805,0.9838846266727117
2022-11-23,0.04062646333867889,0.0,0.0,1.0238563793877202
2022-11-24,0.004212479718919561,0.0,0.0,1.0281693536209775
2022-11-25,-0.008432132360328385,0.0,0.0,1.019499693542412
2022-11-26,0.001702574717116851,0.0,0.0,1.0212354679447457
2022-11-27,0.0011437099455027205,0.0,0.0,1.0224034651061342
2022-11-28,-0.019811603982572385,0.0,0.0,1.0021480125450417
2022-11-29,0.025144319289829797,0.0,0.0,1.0273463421481426
2022-11-30,0.04047125367230378,0.0,0.0,1.0689243365705334
2022-12-01,-0.017717502446318093,0.0,0.0,1.0499856670224161
2022-12-02,0.01478443395032498,0.0,0.0,1.065509110765297
2022-12-03,-0.01702965815080273,0.0,0.0,1.0473638548523982
2022-12-04,0.01570387524284602,0.0,0.0,1.0638115261628667
2022-12-05,-0.005715291331712721,0.0,0.0,1.057731533368812
2022-12-06,0.002237420855722012,0.0,0.0,1.0600981239613263
2022-12-07,-0.027496325289398472,0.0,0.0,1.0309493211062046
2022-12-08,0.02401813326681119,0.0,0.0,1.055710799291862
2022-12-09,-0.01513871526733037,0.0,0.0,1.0397286940967367
2022-12-10,-0.0007461031749100811,0.0,0.0,1.038952949217026
2022-12-11,-0.00949191598431022,0.0,0.0,1.0290912951114066
2022-12-12,0.0014245385720654882,0.0,0.0,1.0305572753554697
2022-12-13,0.024002240030222007,0.0,0.0,1.0552929584434432
2022-12-14,-0.011847015003522822,0.0,0.0,1.0427908869316518
2022-12-15,-0.02392395263126159,0.0,0.0,1.0178432071483876
2022-12-16,-0.08247512787527006,0.0,0.0,0.9338964584818494
2022-12-17,0.008412276431580452,0.0,0.0,0.9417526536490727
2022-12-18,-0.0055291139537638374,0.0,0.0,0.9365455959107875
2022-12-19,-0.03234161900119745,0.0,0.0,0.9062561950705913
2022-12-20,0.03239312951203002,0.0,0.0,0.9356126693685926
2022-12-21,-0.013132584727149944,0.0,0.0,0.9233256567163146
2022-12-22,0.008639848809010336,0.11347940363378498,0.00011347940363378498,0.9313030507918236
2022-12-23,0.00019924513902569115,0.0,0.0,0.9314886083976536
2022-12-24,-0.00016631801996811087,0.0,0.0,0.931333685056682
2022-12-25,0.00409427843891455,0.0,0.0,0.9351468244828445
2022-12-26,0.017201799638892235,0.0,0.0,0.9512330327905447
2022-12-27,-0.014559511048348819,0.0,0.0,0.9373835449400764
2022-12-28,-0.029069595081304266,0.0,0.0,0.9101341848527907
2022-12-29,-0.0019073439466360566,0.0,0.0,0.9083982459246852
2022-12-30,0.0017329589654952401,0.0,0.0,0.9099724628092006
2022-12-31,0.0016399532007717078,0.0,0.0,0.9114647750621988
2023-01-01,0.006965234793557588,0.0,0.0,0.9178133412265642
2023-01-02,0.019821283246490476,0.0,0.0,0.9360055794304238
2023-01-03,-0.00038527512493834453,0.0,0.0,0.9356449597638657
2023-01-04,0.02329120469032634,0.0,0.0,0.9574372580391982
2023-01-05,-0.0064111302338916605,0.0,0.0,0.9512990030871288
2023-01-06,0.017154048137324147,0.0,0.0,0.9676176319790739
2023-01-07,-0.00178479173337515,0.0,0.0,0.9658906360284496
2023-01-08,0.02272427708916426,0.0,0.0,0.9878398024793892
2023-01-09,0.028101096880665304,0.0,0.0,1.0155991844714396
2023-01-10,0.00956641021110592,0.0,0.0,1.025314822880158
2023-01-11,0.03217637705737085,0.0,0.0,1.0583057392236614
2023-01-12,0.0282040738205101,0.0,0.0,1.0881542724173952
2023-01-13,0.03766815190743189,0.0,0.0,1.1291430328495347
2023-01-14,0.053095215637245334,0.0,0.0,1.189095125663974
2023-01-15,-0.008944394990723867,0.0,0.0,1.178459389178491
2023-01-16,-0.00017285281951943238,0.0,0.0,1.1782556891503824
2023-01-17,0.0032578401089498076,0.0,0.0,1.1820942577930948
2023-01-18,-0.0371703950281052,0.0,0.0,1.1381553472704709
2023-01-19,0.026073358093201333,0.0,0.0,1.1678308792055458
2023-01-20,0.07126667932529272,0.0,0.0,1.2510583079800621
2023-01-21,-0.006528866050975859,0.07209870405530254,7.209870405530254e-05,1.2428903158652997
2023-01-22,0.0013501776055121037,0.0,0.0,1.2445684385358888
2023-01-23,0.022866321456577535,0.0,0.0,1.2730271405261613
2023-01-24,-0.03637715340382456,0.0,0.0,1.226718036948009
2023-01-25,0.029333671688652682,0.0,0.0,1.2627021810983905
2023-01-26,-0.0021687627966397237,0.0,0.0,1.2599636795847886
2023-01-27,0.008665833620281048,0.0,0.0,1.2708823151996673
2023-01-28,-0.009541109219953804,0.0,0.0,1.2587566882246395
2023-01-29,0.035691621612379425,0.0,0.0,1.3036837556428054
2023-01-30,-0.04772295072868199,0.0,0.0,1.2414681200064805
2023-01-31,0.02585872437364526,0.0,0.0,1.2735709019403956
2023-02-01,0.027903485765185202,0.0,0.0,1.3091079694736434
2023-02-02,-0.005679953711799177,0.0,0.0,1.3016722968032857
2023-02-03,0.0188870466365419,0.0,0.0,1.3262570421785038
2023-02-04,-0.006276986004133148,0.0,0.0,1.3179321452868662
2023-02-05,-0.023533397687043836,0.0,0.0,1.2869167239872914
2023-02-06,-0.014603443864949226,0.0,0.0,1.2681233078496785
2023-02-07,0.03895824910623974,0.0,0.0,1.3175271715743149
2023-02-08,-0.016819954480208385,0.0,0.0,1.2953664245219974
2023-02-09,-0.06308361550904204,0.0,0.0,1.213650027054129
2023-02-10,-0.0058865710042509045,0.0,0.0,1.2065057899955638
2023-02-11,0.013800282861514721,0.0,0.0,1.2231559111715578
2023-02-12,-0.013265786845177423,0.0,0.0,1.206929785575537
2023-02-13,-0.006536400235705736,0.0,0.0,1.1990408094406206
2023-02-14,0.03328798632372405,0.0,0.0,1.238954463506867
2023-02-15,0.07529143168288936,0.0,0.0,1.3322371188542053
2023-02-16,-0.03909721985255298,0.0,0.0,1.2801503513226307
2023-02-17,0.0517624666344959,0.0,0.0,1.3464140911701064
2023-02-18,0.00044511756920026654,0.0,0.0,1.3470134037375048
2023-02-19,-0.008269089671511817,0.0,0.0,1.335874829113271
2023-02-20,0.01508061452303339,0.2695807730272073,0.0002695807730272073,1.3560206424621513
2023-02-21,-0.023350867445255948,0.0,0.0,1.3243563841869868
2023-02-22,-0.00249520733462681,0.0,0.0,1.3210518404235034
2023-02-23,-0.009499941001069252,0.0,0.0,1.3085019258801263
2023-02-24,-0.03536396559495989,0.0,0.0,1.2622281087923626
2023-02-25,-0.0023075011519988653,0.0,0.0,1.259315515977239
2023-02-26,0.016782148356011183,0.0,0.0,1.2804495357933956
2023-02-27,-0.005224883959018694,0.0,0.0,1.2737593355534957
2023-02-28,-0.016201146639305913,0.0,0.0,1.2531229737750087
2023-03-01,0.025554378353603895,0.0,0.0,1.2851457523704484
2023-03-02,-0.01662857974321523,0.0,0.0,1.2637756037455021
2023-03-03,-0.03535900844113557,0.0,0.0,1.2190897515049637
2023-03-04,-0.00994927476697728,0.0,0.0,1.2069606926016347
2023-03-05,-0.000485359851995167,0.0,0.0,1.2063748823385096
2023-03-06,-0.003724109702643868,0.0,0.0,1.2018822099341668
2023-03-07,-0.0010676093268788078,0.0,0.0,1.2005990692770314
2023-03-08,-0.020077878592086065,0.0,0.0,1.1764935869263156
2023-03-09,-0.05418826191463307,0.0,0.0,1.1127414442970662
2023-03-10,-0.0054288447609024135,0.0,0.0,1.106700543736955
2023-03-11,0.004588200087621206,0.0,0.0,1.1117783072686993
2023-03-12,0.06497206212921214,0.0,0.0,1.1840128365224714
2023-03-13,0.050017353486547136,0.0,0.0,1.2432340250994252
2023-03-14,0.015210303007882611,0.0,0.0,1.2621439913308967
2023-03-15,-0.04174014536566904,0.0,0.0,1.2094619176603394
2023-03-16,0.022407917626477782,0.0,0.0,1.236563440683634
2023-03-17,0.07224629743861638,0.0,0.0,1.3259005708209828
2023-03-18,-0.02514578252147932,0.0,0.0,1.292559763422013
2023-03-19,0.02811984293564779,0.0,0.0,1.328906340954378
2023-03-20,-0.03427546826855166,0.0,0.0,1.2833574538331192
2023-03-21,0.08830586250641956,0.0,0.0,1.3966854406978952
2023-03-22,-0.03349258048594801,0.24537004980657043,0.00024537004980657045,1.3499068411617692
2023-03-23,0.046131035114737956,0.0,0.0,1.4121794410530277
2023-03-24,-0.031739960818718126,0.0,0.0,1.3673569209250054
2023-03-25,-0.004101086186296128,0.0,0.0,1.3617492723448634
2023-03-26,0.015536247198125613,0.0,0.0,1.3829057456618807
2023-03-27,-0.01935297696726622,0.0,0.0,1.3561424026181863
2023-03-28,0.029339022892551442,0.0,0.0,1.395930295614161
2023-03-29,0.02947810658508119,0.0,0.0,1.437079677653619
2023-03-30,-0.012397763066224738,0.0,0.0,1.4192631043027828
2023-03-31,0.024258730336388024,0.0,0.0,1.4536926252264488
2023-04-01,0.007049938894537639,0.0,0.0,1.463941069405735
2023-04-02,-0.013880061401701593,0.0,0.0,1.4436214774739107
2023-04-03,0.02765229091264851,0.0,0.0,1.4835409185367665
2023-04-04,0.010189219952807051,0.0,0.0,1.498657043264727
2023-04-05,0.0017231495303950406,0.0,0.0,1.501239453445052
2023-04-06,-0.023383984530134207,0.0,0.0,1.4661344932896656
2023-04-07,-0.005685608187063498,0.0,0.0,1.4577986270112817
2023-04-08,-0.0062677086770873,0.0,0.0,1.4486615699073173
2023-04-09,0.010572653735872004,0.0,0.0,1.463977767066412
2023-04-10,0.02810645483170672,0.0,0.0,1.505124992051087
2023-04-11,0.004862567547487221,0.0,0.0,1.5124437639923465
2023-04-12,-0.0024510096525585615,0.0,0.0,1.5087367497278492
2023-04-13,0.03127971465859498,0.0,0.0,1.5559296047542723
2023-04-14,0.021740522352598164,0.0,0.0,1.5897563271055017
2023-04-15,0.003149217397669577,0.0,0.0,1.5947628153888775
2023-04-16,0.009270990048187534,0.0,0.0,1.6095478455795673
2023-04-17,-0.01938720070265372,0.0,0.0,1.5783432184567923
2023-04-18,0.027911263003627167,0.0,0.0,1.622396771137131
2023-04-19,-0.07419998665814265,0.0,0.0,1.502014952364542
2023-04-20,-0.02153650313070753,0.0,0.0,1.4696668026405735
2023-04-21,-0.046689816971639105,0.11186039787202509,0.0001118603978720251,1.4010483286159912
2023-04-22,0.023863251363160143,0.0,0.0,1.43448189705369
2023-04-23,-0.01011631390830656,0.0,0.0,1.4199702278873116
2023-04-24,-0.003727529000906635,0.0,0.0,1.4146772476824376
2023-04-25,0.021996275844854356,0.0,0.0,1.4457948786538999
2023-04-26,-0.006816770646278674,0.0,0.0,1.4359392265645519
2023-04-27,0.022941662964746347,0.0,0.0,1.4688820603382544
2023-04-28,-0.0014168621759441072,0.0,0.0,1.4668008569060385
2023-04-29,0.0050387408150970705,0.0,0.0,1.4741916862513504
2023-04-30,-0.014667777329867935,0.0,0.0,1.452568570855873
2023-05-01,-0.02718619132324255,0.0,0.0,1.4130787637784563
2023-05-02,0.013864295137693635,0.0,0.0,1.4326701048122883
2023-05-03,0.00973450895594958,0.0,0.0,1.4466164447785046
2023-05-04,-0.010994411995754086,0.0,0.0,1.4307117475847766
2023-05-05,0.028568813296500274,0.0,0.0,1.4715854843826357
2023-05-06,-0.03634724715497961,0.0,0.0,1.4180974030720996
2023-05-07,-0.010363025725965962,0.0,0.0,1.403401623202138
2023-05-08,-0.03658762647232293,0.0,0.0,1.3520544888217665
2023-05-09,0.0023695753421784454,0.0,0.0,1.3552582837997602
2023-05-10,0.006306790906546408,0.0,0.0,1.3638056144200503
2023-05-11,-0.021352559410878984,0.0,0.0,1.334684874013256
2023-05-12,0.006882803137812495,0.0,0.0,1.3438712472521053
2023-05-13,-0.006018393597519486,0.0,0.0,1.3357833011417528
2023-05-14,0.009136996668492848,0.0,0.0,1.3479883487141133
2023-05-15,0.00793592289098276,0.0,0.0,1.3586858803074517
2023-05-16,0.007438437559083792,0.0,0.0,1.3687923803905273
2023-05-17,0.01803249510560069,0.0,0.0,1.393475122290503
2023-05-18,-0.012796718077660075,0.0,0.0,1.3756432140023187
2023-05-19,0.00426272741141373,0.0,0.0,1.3815072060389717
2023-05-20,0.004457623598765617,0.0,0.0,1.387665445162476
2023-05-21,-0.01542046073730226,0.10219451745478648,0.00010219451745478649,1.3662670046488368
2023-05-22,0.006845933040079127,0.0,0.0,1.3756203770775324
2023-05-23,0.011851273311985929,0.0,0.0,1.3919232301398154
2023-05-24,-0.03074004973276078,0.0,0.0,1.3491354408211325
2023-05-25,-0.00011962975651622553,0.0,0.0,1.3489740440768396
2023-05-26,0.010513920891854798,0.0,0.0,1.363157050461429
2023-05-27,0.010133693189586644,0.0,0.0,1.3769708657800268
2023-05-28,0.036367430319002345,0.0,0.0,1.4270477577925782
2023-05-29,-0.006247085835763774,0.0,0.0,1.4181328679579137
2023-05-30,0.005304439910240634,0.0,0.0,1.4256552685407338
2023-05-31,-0.015118110672997707,0.0,0.0,1.4041020544093927
2023-06-01,-0.009204912961473778,0.0,0.0,1.3911774172095277
2023-06-02,0.02211690177493892,0.0,0.0,1.4219459514974642
2023-06-03,-0.0026787639758756514,0.0,0.0,1.4181368939069505
2023-06-04,0.0013010403787233147,0.0,0.0,1.4199819472684807
2023-06-05,-0.05515342136851181,0.0,0.0,1.3416650845951021
2023-06-06,0.037362323645081436,0.0,0.0,1.39179280970905
2023-06-07,-0.03940160765932904,0.0,0.0,1.3369539354778186
2023-06-08,0.004639597198086789,0.0,0.0,1.3431568632108326
2023-06-09,-0.009702640498588651,0.0,0.0,1.3301246950338859
2023-06-10,-0.06749015947377686,0.0,0.0,1.24035436724604
2023-06-11,0.0012030485593163246,0.0,0.0,1.241846573780597
2023-06-12,0.0005646851779021767,0.0,0.0,1.2425478261340395
2023-06-13,0.0019464476696851923,0.0,0.0,1.2449663804546904
2023-06-14,-0.039619832492018565,0.0,0.0,1.195641021002881
2023-06-15,0.0021449892287817135,0.0,0.0,1.1982056581144216
2023-06-16,0.016524184401561205,0.0,0.0,1.2180050293600981
2023-06-17,0.010718574544121735,0.0,0.0,1.2310603070624098
2023-06-18,-0.003518801604319888,0.0,0.0,1.226728450078904
2023-06-19,0.00867178689109137,0.0,0.0,1.237366377771227
2023-06-20,0.03217214529711943,0.11285387104276466,0.00011285387104276466,1.2771751086626533
2023-06-21,0.04908623774488394,0.0,0.0,1.3398668296883163
2023-06-22,-0.0014040500158671373,0.0,0.0,1.3379855896448325
2023-06-23,0.029153585021205644,0.0,0.0,1.3769926662896912
2023-06-24,-0.013742237239914933,0.0,0.0,1.3580697063919152
2023-06-25,0.007966583480982743,0.0,0.0,1.3688888820808802
2023-06-26,-0.02196069969214432,0.0,0.0,1.3388271244295868
2023-06-27,0.014159181736216903,0.0,0.0,1.3577838209977622
2023-06-28,-0.03939152933702399,0.0,0.0,1.3042986397795924
2023-06-29,0.01805262870312968,0.0,0.0,1.3278446588415305
2023-06-30,0.050901320929060405,0.0,0.0,1.3954337059651618
2023-07-01,0.0092096645529034,0.0,0.0,1.4082851823029159
2023-07-02,0.01361924475720238,0.0,0.0,1.4274649628886407
2023-07-03,0.0013090107238466478,0.0,0.0,1.4293335298329772
2023-07-04,-0.010308845697937934,0.0,0.0,1.4145987510230402
2023-07-05,-0.01842211222742902,0.0,0.0,1.3885388540749128
2023-07-06,-0.03103504651637838,0.0,0.0,1.3454454861488991
2023-07-07,0.015107497551240568,0.0,0.0,1.3657718005362214
2023-07-08,0.002680390402108675,0.0,0.0,1.3694326021618493
2023-07-09,-0.009002790112971006,0.0,0.0,1.3571038878707264
2023-07-10,0.010559694101916386,0.0,0.0,1.3714344897911628
2023-07-11,0.005614143032334987,0.0,0.0,1.3791339191763279
2023-07-12,-0.007993470962950073,0.0,0.0,1.3681098522393724
2023-07-13,0.15737040724731388,0.0,0.0,1.583409856845345
2023-07-14,-0.049755162334033945,0.0,0.0,1.5046270423766952
2023-07-15,-0.0003239254148574835,0.0,0.0,1.5041396554377875
2023-07-16,-0.008563415281846542,0.0,0.0,1.49125908292638
2023-07-17,-0.004483616578521307,0.0,0.0,1.484572848979301
2023-07-18,-0.005802653724634855,0.0,0.0,1.4759583868076795
2023-07-19,0.015137315313737496,0.0,0.0,1.4983004342987427
2023-07-20,0.002507894724271232,0.3696125561346537,0.00036961255613465375,1.5020580140532938
2023-07-21,0.01183139019088272,0.0,0.0,1.5198294485069006
2023-07-22,-0.019484638265916322,0.0,0.0,1.4902161214768566
2023-07-23,0.01475325530814364,0.0,0.0,1.512201660381316
2023-07-24,-0.020465602472801846,0.0,0.0,1.4812535423412412
2023-07-25,0.01586167805541068,0.0,0.0,1.5047487091482945
2023-07-26,-0.0005919945505996633,0.0,0.0,1.5038579061124568
2023-07-27,-0.0036923554216601712,0.0,0.0,1.498305128219416
2023-07-28,0.0031415842779731794,0.0,0.0,1.5030121800538367
2023-07-29,0.010675816118383618,0.0,0.0,1.5190580617117824
2023-07-30,-0.009268662224529003,0.0,0.0,1.504978425638328
2023-07-31,-0.007592483647225239,0.0,0.0,1.4935519015522423
2023-08-01,0.011670346616206924,0.0,0.0,1.5109821699326518
2023-08-02,-0.028567260275827476,0.0,0.0,1.467817549012051
2023-08-03,-0.009786668484724332,0.0,0.0,1.4534525052638096
2023-08-04,-0.0030193569538300323,0.0,0.0,1.4490640133349797
2023-08-05,0.005296935732362477,0.0,0.0,1.4567396122856944
2023-08-06,-0.003811462196399203,0.0,0.0,1.4511873043234702
2023-08-07,-0.0023921683766380103,0.0,0.0,1.447715819945489
2023-08-08,0.019902770490100547,0.0,0.0,1.4765293756447515
2023-08-09,-0.0007033859891938123,0.0,0.0,1.47549080556929
2023-08-10,-0.004923937466437003,0.0,0.0,1.468225581110364
2023-08-11,-0.001281104540673286,0.0,0.0,1.4663446306516708
2023-08-12,0.003092432419259164,0.0,0.0,1.4708792023253046
2023-08-13,-0.00980697278411431,0.0,0.0,1.4564543300193804
2023-08-14,0.0023764774024745547,0.0,0.0,1.4599155608224077
2023-08-15,-0.023693736416035192,0.0,0.0,1.4253247063346133
2023-08-16,-0.02681387307667775,0.0,0.0,1.387106230565904
2023-08-17,-0.07309497810110993,0.0,0.0,1.2857157310187763
2023-08-18,-0.00028386495656778407,0.0,0.0,1.2853507613786321
2023-08-19,0.004706772262893137,0.09653642041200158,9.653642041200158e-05,1.2914006146903776
2023-08-20,0.006022007862458274,0.0,0.0,1.2991774393456264
2023-08-21,-0.010384652158323666,0.0,0.0,1.2856859335460804
2023-08-22,-0.010138829339309697,0.0,0.0,1.2726505832819057
2023-08-23,0.02061605914815986,0.0,0.0,1.2988876229817856
2023-08-24,-0.011603599484594069,0.0,0.0,1.2838158512292086
2023-08-25,-0.0005771045065570148,0.0,0.0,1.283074955315875
2023-08-26,-0.001368662034824475,0.0,0.0,1.2813188593367
2023-08-27,0.0038249663646587858,0.0,0.0,1.2862198608760658
2023-08-28,0.005740843494993098,0.0,0.0,1.293603847797507
2023-08-29,0.04315827553061573,0.0,0.0,1.3494335590882163
2023-08-30,-0.017834317224715505,0.0,0.0,1.3253673329217601
2023-08-31,-0.04461175858677763,0.0,0.0,1.2662403654266532
2023-09-01,-0.0077233883647101625,0.0,0.0,1.2564606993213905
2023-09-02,0.005272588348915416,0.0,0.0,1.2630854993655025
2023-09-03,-6.43888585860192e-05,0.0,0.0,1.2630041707319017
2023-09-04,-0.0031418628888659093,0.0,0.0,1.2590359847993964
2023-09-05,0.0016862188227645897,0.0,0.0,1.261158994975503
2023-09-06,-0.0009427727341798095,0.0,0.0,1.2599700086615746
2023-09-07,0.009445507433048585,0.0,0.0,1.2718710647438058
2023-09-08,-0.008922177927440343,0.0,0.0,1.2605232048033987
2023-09-09,-0.0009793517105449712,0.0,0.0,1.259288709246593
2023-09-10,-0.014397971983582288,0.0,0.0,1.241157505691619
2023-09-11,-0.03219202130850683,0.0,0.0,1.2012021368211814
2023-09-12,0.01826090351952169,0.0,0.0,1.223137173149116
2023-09-13,0.011277591555353933,0.0,0.0,1.236931214604062
2023-09-14,0.012208579335983353,0.0,0.0,1.25203238747071
2023-09-15,0.010827225911221665,0.0,0.0,1.2655884249780216
2023-09-16,-0.0009340008115953737,0.0,0.0,1.2644063643619465
2023-09-17,-0.011042545684703892,0.0,0.0,1.2504440993194494
2023-09-18,0.010781531754671066,0.024545034054201588,2.454503405420159e-05,1.2639258020837032
2023-09-19,0.011888430884726712,0.0,0.0,1.278951896625198
2023-09-20,-0.008107055848665836,0.0,0.0,1.2685833621715004
2023-09-21,-0.022525527470625927,0.0,0.0,1.240007852798127
2023-09-22,0.0019454991904476774,0.0,0.0,1.2424202870718948
2023-09-23,0.0015134649877732843,0.0,0.0,1.2443006466764772
2023-09-24,-0.011390264900214449,0.0,0.0,1.230127732695324
2023-09-25,0.00715608944334465,0.0,0.0,1.2389306367772304
2023-09-26,-0.0037162563584773895,0.0,0.0,1.2343264529205946
2023-09-27,0.00042545730255199037,0.0,0.0,1.2348516061237227
2023-09-28,0.02539868879782281,0.0,0.0,1.2662152177791508
2023-09-29,0.003536530581037653,0.0,0.0,1.270693226619002
2023-09-30,0.0038993761317973634,0.0,0.0,1.2756481374577169
2023-10-01,0.035305295710671335,0.0,0.0,1.3206852721734288
2023-10-02,-0.027370832279335688,0.0,0.0,1.284537017094981
2023-10-03,-0.004932701111260507,0.0,0.0,1.2782007799233013
2023-10-04,-8.439497741427973e-05,0.0,0.0,1.2780929061973487
2023-10-05,-0.0117256707544296,0.0,0.0,1.2631064095857065
2023-10-06,0.016490925755900585,0.0,0.0,1.2839362036079864
2023-10-07,-0.004218685909954587,0.0,0.0,1.2785196800365448
2023-10-08,-0.004121585466694683,0.0,0.0,1.273250151904423
2023-10-09,-0.026755676607014355,0.0,0.0,1.2391834826002364
2023-10-10,-0.007112088446578823,0.0,0.0,1.2303703000704438
2023-10-11,-0.012668548164697159,0.0,0.0,1.2147832946635884
2023-10-12,-0.011263933479453588,0.0,0.0,1.2011000564405463
2023-10-13,0.007239783750002294,0.0,0.0,1.2097957611112913
2023-10-14,0.004684788650343414,0.0,0.0,1.215463398562179
2023-10-15,0.0036643973450956545,0.0,0.0,1.2199173394129312
2023-10-16,0.027646916950339086,0.0,0.0,1.253644292781959
2023-10-17,-0.016798824843672344,0.0,0.0,1.2325845418912456
2023-10-18,-0.008285258890397872,0.3923240792029232,0.00039232407920292324,1.222372259857374
2023-10-19,0.013548182129301927,0.0,0.0,1.2389331818637281
2023-10-20,0.020626726162193614,0.0,0.0,1.2644883173392865
2023-10-21,0.022406174188428295,0.0,0.0,1.292820662836823
2023-10-22,0.011993598067772917,0.0,0.0,1.3083262342406
2023-10-23,0.07656527275274849,0.0,0.0,1.4084985892148076
2023-10-24,0.001456485545501951,0.0,0.0,1.410550047050859
2023-10-25,0.010349699557585799,0.0,0.0,1.4251488162487738
2023-10-26,0.0069631887073838385,0.0,0.0,1.4350723963924186
2023-10-27,-0.015280616972960785,0.0,0.0,1.413143604774677
2023-10-28,0.005635828738237355,0.0,0.0,1.4211078401137225
2023-10-29,0.0158834000289841,0.0,0.0,1.4436798644225741
2023-10-30,0.018696556563503202,0.0,0.0,1.4706717066673414
2023-10-31,-0.005392219673692522,0.0,0.0,1.4627415217571067
2023-11-01,0.02984096081681001,0.0,0.0,1.5063911341929814
2023-11-02,-0.004911189012160693,0.0,0.0,1.4989929626067167
2023-11-03,0.006256001322691044,0.0,0.0,1.508370664563489
2023-11-04,0.010097487459081804,0.0,0.0,1.5236014184325657
2023-11-05,0.025160846936645255,0.0,0.0,1.5619365205142033
2023-11-06,0.03514542782978124,0.0,0.0,1.6168314477706347
2023-11-07,-0.014085190534704074,0.0,0.0,1.594058068766284
2023-11-08,0.011073045877215944,0.0,0.0,1.6117091468926792
2023-11-09,0.03159064928661875,0.0,0.0,1.6626240853042011
2023-11-10,0.015629505459855066,0.0,0.0,1.6886100775231496
2023-11-11,0.009872209487474736,0.0,0.0,1.7052803899511193
2023-11-12,0.001961569737845454,0.0,0.0,1.7086254163585888
2023-11-13,-0.02893580424190863,0.0,0.0,1.659184965788087
2023-11-14,-0.027750459102054384,0.0,0.0,1.6131418212522413
2023-11-15,0.05484972851190798,0.0,0.0,1.7016222121991316
2023-11-16,-0.03293606065663768,0.0,0.0,1.645577479803459
2023-11-17,0.008758494778164844,0.3066322166579572,0.0003066322166579572,1.6599902615673834
2023-11-18,-0.005706967524648645,0.0,0.0,1.6505167510533854
2023-11-19,0.01869303997096235,0.0,0.0,1.6813699266535693
2023-11-20,-0.013434561879569477,0.0,0.0,1.6587814583314948
2023-11-21,-0.05517353671505493,0.0,0.0,1.5672606186379896
2023-11-22,0.05227642508143151,0.0,0.0,1.6491914009512967
2023-11-23,0.004875234769050217,0.0,0.0,1.657231596210033
2023-11-24,0.012436169520802554,0.0,0.0,1.6778412092757313
2023-11-25,0.009687006115062874,0.0,0.0,1.69409446733009
2023-11-26,-0.010966358042424728,0.0,0.0,1.6755164208436573
2023-11-27,-0.01485207762086138,0.0,0.0,1.6506315209062594
2023-11-28,0.01618605456669163,0.0,0.0,1.6773487327731493
2023-11-29,-0.005539366919747622,0.0,0.0,1.6680572826899451
2023-11-30,0.008569040646012572,0.0,0.0,1.6823509333451927
2023-12-01,0.017029182353435368,0.0,0.0,1.7109999941716003
2023-12-02,0.023697078199329952,0.0,0.0,1.7515456948325379
2023-12-03,0.0019935859775968953,0.0,0.0,1.755037551768876
2023-12-04,0.030212928566822464,0.0,0.0,1.80806237595256
2023-12-05,0.030735832248528744,0.0,0.0,1.8636346778347141
2023-12-06,0.0037846199660727833,0.0,0.0,1.8706878268459128
2023-12-07,0.020528755585600588,0.0,0.0,1.909090720020191
2023-12-08,0.06573327616904452,0.0,0.0,2.0345815075510383
2023-12-09,-0.0004860315419386316,0.0,0.0,2.0335926367637236
2023-12-10,0.015448886101820776,0.0,0.0,2.0650093777865877
2023-12-11,-0.0655489904776122,0.0,0.0,1.9296500977458748
2023-12-12,0.011570294472097377,0.0,0.0,1.9519767176049063
2023-12-13,0.04759774582082031,0.0,0.0,2.0448864092576238
2023-12-14,0.0012133924440380509,0.0,0.0,2.047367658975533
2023-12-15,-0.043853330064876815,0.0,0.0,1.957583769262325
2023-12-16,0.015150511578152821,0.0,0.0,1.9872421648237377
2023-12-17,-0.02307394181404728,0.2690720940429687,0.00026907209404296875,1.9413886547421735
2023-12-18,0.00952844330945634,0.0,0.0,1.9598870664805057
2023-12-19,-0.01401996218022012,0.0,0.0,1.9324095239309464
2023-12-20,0.015151897053497822,0.0,0.0,1.961689194102747
2023-12-21,0.037246838285005676,0.0,0.0,2.034755914280935
2023-12-22,0.010039487003058989,0.0,0.0,2.055183819836756
2023-12-23,-0.005813902183993044,0.0,0.0,2.0432351821381
2023-12-24,-0.013062529868770042,0.0,0.0,2.0165453615424993
2023-12-25,0.027763625146410554,0.0,0.0,2.0725319710510983
2023-12-26,-0.020809326828828745,0.0,0.0,2.0294039759022993
2023-12-27,0.030298967706897967,0.0,0.0,2.0908928214324134
2023-12-28,-0.00998306899265889,0.0,0.0,2.0700192941397986
2023-12-29,-0.02128736083697653,0.0,0.0,2.025954046485941
2023-12-30,-0.0019592180071444218,0.0,0.0,2.0219847608364185
2023-12-31,-0.007045406231298419,0.0,0.0,2.0077390568028313
2024-01-01,0.034648450211637496,0.0,0.0,2.0773041035504245
2024-01-02,-0.007037120933523448,0.0,0.0,2.0626858633580354
2024-01-03,-0.0769137761665448,0.0,0.0,1.9040369045618193
2024-01-04,0.023231108966612207,0.0,0.0,1.9482697933681459
2024-01-05,-0.015125807850263354,0.0,0.0,1.9188006388331869
2024-01-06,-0.014862772886918887,0.0,0.0,1.8902819407229343
2024-01-07,-0.02096588336597501,0.0,0.0,1.8506505100249284
2024-01-08,0.05977762941559234,0.0,0.0,1.9612780103909755
2024-01-09,-0.019544791723529065,0.0,0.0,1.9229452401659464
2024-01-10,0.060452792870371294,0.0,0.0,2.0391926504707647
2024-01-11,0.01439917925874146,0.0,0.0,2.0685553509880013
2024-01-12,-0.04380903944514281,0.0,0.0,1.9779339280221067
2024-01-13,0.003975679041142462,0.0,0.0,1.9857975584845087
2024-01-14,-0.0252475061492066,0.0,0.0,1.9356611224155917
2024-01-15,0.008529924712948628,0.0,0.0,1.9521721660595786
2024-01-16,0.009747724085403862,0.06586057791249962,6.586057791249962e-05,1.9712014017015325
2024-01-17,-0.011964235228747531,0.0,0.0,1.9476174844483385
2024-01-18,-0.029892744343889045,0.0,0.0,1.889397852906036
2024-01-19,0.010495504889156798,0.0,0.0,1.9092280373087738
2024-01-20,0.017422839340382325,0.0,0.0,1.942492210666958
2024-01-21,-0.008722830753278434,0.0,0.0,1.9255481798737486
2024-01-22,-0.052853724188835764,0.0,0.0,1.8237757874623868
2024-01-23,-0.014998206575732923,0.0,0.0,1.796422421454206
2024-01-24,0.005220520347837964,0.0,0.0,1.80580068125872
2024-01-25,-0.00859512343686104,0.0,0.0,1.7902796015009335
2024-01-26,0.032618956574163235,0.0,0.0,1.8486766540779027
2024-01-27,0.004680685861523788,0.0,0.0,1.8573297287551742
2024-01-28,-0.002074018335915035,0.0,0.0,1.8534775928418958
2024-01-29,0.024603910514691983,0.0,0.0,1.8990803896771646
2024-01-30,-0.015754890293141064,0.0,0.0,1.8691605864799454
2024-01-31,-0.01620037786358651,0.0,0.0,1.8388794786912472
2024-02-01,0.010539584914200359,0.0,0.0,1.8582605051038938
2024-02-02,0.0060309848509036415,0.0,0.0,1.8694676460592081
2024-02-03,0.0017375771319741453,0.0,0.0,1.872715990289966
2024-02-04,-0.018012868851478608,0.0,0.0,1.838983002760806
2024-02-05,0.004622319899583331,0.0,0.0,1.8474833704894629
2024-02-06,0.010828632707498283,0.0,0.0,1.8674890893417042
2024-02-07,0.017404975021678225,0.0,0.0,1.8999926902949533
2024-02-08,0.014770181910427772,0.0,0.0,1.9280559279590928
2024-02-09,0.0228165484719821,0.0,0.0,1.9720475094960637
2024-02-10,0.004721702210788569,0.0,0.0,1.9813589305814314
2024-02-11,0.0029619565122203312,0.0,0.0,1.9872276295689129
2024-02-12,0.029210286279788365,0.0,0.0,2.045275117531726
2024-02-13,-0.01885369369568823,0.0,0.0,2.00671412694237
2024-02-14,0.03715451277280734,0.0,0.0,2.081272612603223
2024-02-15,0.016635182674144183,0.09452133652227979,9.45213365222798e-05,2.115894962708571
2024-02-16,0.0017037035128388551,0.0,0.0,2.119499820389336
2024-02-17,-0.012163842987555327,0.0,0.0,2.093718557361968
2024-02-18,0.01608724183436242,0.0,0.0,2.1274007141273428
2024-02-19,0.013795393234617084,0.0,0.0,2.1567490435463346
2024-02-20,-0.005187204869078921,0.0,0.0,2.1455615444062697
2024-02-21,-0.017563910586924254,0.0,0.0,2.1078770932815747
2024-02-22,-0.007581145589651702,0.0,0.0,2.091896970152315
2024-02-23,-0.0066574958072280815,0.0,0.0,2.077970174844373
2024-02-24,0.021373322839823426,0.0,0.0,2.122383302242846
2024-02-25,0.005558893990986925,0.0,0.0,2.134181406028255
2024-02-26,0.0314324656688945,0.0,0.0,2.201263989804431
2024-02-27,0.044547465091174986,0.0,0.0,2.2993247205467044
2024-02-28,0.04486258673341856,0.0,0.0,2.4024783752505243
2024-02-29,0.013132012303361758,0.0,0.0,2.434027750832875
2024-03-01,0.05501705520296371,0.0,0.0,2.5679407899659927
2024-03-02,0.04317714249995043,0.0,0.0,2.67881713538579
2024-03-03,0.0034048965591505003,0.0,0.0,2.6879382306326582
2024-03-04,0.05177665193031074,0.0,0.0,2.8271106728103006
2024-03-05,-0.07687545820137716,0.0,0.0,2.609775244452005
2024-03-06,0.048965281513650115,0.0,0.0,2.7375636239839523
2024-03-07,0.016353193537882452,0.0,0.0,2.7823315317492288
2024-03-08,0.008385302936218045,0.0,0.0,2.8056622245119374
2024-03-09,0.015503691852319366,0.0,0.0,2.849160347082463
2024-03-10,-0.02017531023969191,0.0,0.0,2.7916776531574463
2024-03-11,0.10803695337388429,0.0,0.0,3.093282001606532
2024-03-12,-0.037218283967705226,0.0,0.0,2.9781553536785488
2024-03-13,0.01142428890614891,0.0,0.0,3.0121786608463665
2024-03-14,-0.017590005788891555,0.0,0.0,2.9591944207649035
2024-03-15,-0.04641346991044692,0.0,0.0,2.821847939557569
2024-03-16,-0.0694215411829883,0.3271753551361331,0.0003271753551361331,2.6259509066094426
2024-03-17,0.03796109206498374,0.0,0.0,2.725634870733371
2024-03-18,-0.010880210165113835,0.0,0.0,2.695979390506429
2024-03-19,-0.09895766024153638,0.0,0.0,2.4291915779625093
2024-03-20,0.09390441106244779,0.0,0.0,2.657303382448937
2024-03-21,-0.003779880750612282,0.0,0.0,2.6472590925450814
2024-03-22,-0.0338664333923785,0.0,0.0,2.557605868815035
2024-03-23,0.012731004977528701,0.0,0.0,2.590166761861476
2024-03-24,0.0427247874223618,0.0,0.0,2.7008310861504747
2024-03-25,0.02662194060780361,0.0,0.0,2.7727324509176827
2024-03-26,0.008478663107951388,0.0,0.0,2.796241515257498
2024-03-27,-0.01738916465145253,0.0,0.0,2.7476172111434582
2024-03-28,0.023165438004490276,0.0,0.0,2.811266967308273
2024-03-29,0.017126350986970258,0.0,0.0,2.85941371210847
2024-03-30,-0.019622569957553418,0.0,0.0,2.803304666505034
2024-03-31,0.02891534836653052,0.0,0.0,2.884363197514548
2024-04-01,-0.03894520488748349,0.0,0.0,2.7720310818174267
2024-04-02,-0.045552868133388456,0.0,0.0,2.6457571154857433
2024-04-03,-0.014020544181695379,0.0,0.0,2.6086621609540406
2024-04-04,0.01936443486374677,0.0,0.0,2.659177429451356
2024-04-05,-0.008482703316311176,0.0,0.0,2.636620416251889
2024-04-06,0.017954543414980748,0.0,0.0,2.6839597319843085
2024-04-07,0.015871520470893463,0.0,0.0,2.7265582538135513
2024-04-08,0.04061837892469463,0.0,0.0,2.8373066301272036
2024-04-09,-0.039222370716129294,0.0,0.0,2.726020737645023
2024-04-10,0.007535490191327672,0.0,0.0,2.746562640174903
2024-04-11,-0.0060677369816031276,0.0,0.0,2.729897220470824
2024-04-12,-0.09122650201169903,0.0,0.0,2.480858246195811
2024-04-13,-0.08983264750595601,0.0,0.0,2.2579961818530583
2024-04-14,0.04473732228757952,0.0,0.0,2.3590128847647427
2024-04-15,-0.021690585704392352,0.13513597922545456,0.00013513597922545456,2.307844513609987
2024-04-16,-6.05740545481391e-05,0.0,0.0,2.3077047181105312
2024-04-17,-0.025085129537654363,0.0,0.0,2.249815646322072
2024-04-18,0.027026051350224532,0.0,0.0,2.310619279508111
2024-04-19,0.0036225118863426747,0.0,0.0,2.3189895253129413
2024-04-20,0.046717698562207456,0.0,0.0,2.427327378925428
2024-04-21,-0.008270350193935287,0.0,0.0,2.4072525314663875
2024-04-22,0.03305655938596963,0.0,0.0,2.4868280177298323
2024-04-23,-0.01263610075682742,0.0,0.0,2.455404208332897
2024-04-24,-0.034720696064101,0.0,0.0,2.3701508651008556
2024-04-25,-0.0002601754297209415,0.0,0.0,2.369534210081025
2024-04-26,-0.004315595650785041,0.0,0.0,2.359308258549613
2024-04-27,0.0011168160809960463,0.0,0.0,2.3619431719527877
2024-04-28,-0.006187969521062819,0.0,0.0,2.347327539594261
2024-04-29,-0.003716117298604962,0.0,0.0,2.338604595118883
2024-04-30,-0.04551313184799104,0.0,0.0,2.2321673758409197
2024-05-01,0.004680055580158543,0.0,0.0,2.242614043224072
2024-05-02,0.01583337881121315,0.0,0.0,2.278122200897785
2024-05-03,0.03646979144992178,0.0,0.0,2.3612048424619636
2024-05-04,0.005420905259397639,0.0,0.0,2.374004710210981
2024-05-05,0.0032354508081250516,0.0,0.0,2.381685685669126
2024-05-06,-0.011304005458736634,0.0,0.0,2.3547630976773273
2024-05-07,-0.019078291788698125,0.0,0.0,2.3098382402065805
2024-05-08,-0.0069509299322280515,0.0,0.0,2.293782716444124
2024-05-09,0.021613751826463183,0.0,0.0,2.3433599668211778
2024-05-10,-0.03815800752842621,0.0,0.0,2.2539420195654025
2024-05-11,-0.0021326668332066825,0.0,0.0,2.2491351121763046
2024-05-12,2.7374101131085317e-05,0.0,0.0,2.249196680228323
2024-05-13,0.010746809164532032,0.0,0.0,2.2733683677242356
2024-05-14,-0.020699905104823113,0.0,0.0,2.2263098582440373
2024-05-15,0.05987375959709889,0.038124018599061,3.8124018599061e-05,2.359607399485192
2024-05-16,-0.009426096551458422,0.0,0.0,2.337365512314109
2024-05-17,0.032903041563758104,0.0,0.0,2.4142719469154748
2024-05-18,-0.0008246646119061084,0.0,0.0,2.412280982277336
2024-05-19,-0.0205349441896769,0.0,0.0,2.3627449269364518
2024-05-20,0.10065277494872571,0.0,0.0,2.60056176032863
2024-05-21,0.0025570794187524362,0.0,0.0,2.607211603283161
2024-05-22,-0.01916196614236801,0.0,0.0,2.55725230281506
2024-05-23,-0.01274260364734717,0.0,0.0,2.5246662502940223
2024-05-24,0.0011398374428053509,0.0,0.0,2.527543959416694
2024-05-25,0.01233017294614874,0.0,0.0,2.5587090135652955
2024-05-26,-0.004703282129325272,0.0,0.0,2.5466746831876503
2024-05-27,0.01476840118973823,0.0,0.0,2.584284996608715
2024-05-28,-0.018807897704674774,0.0,0.0,2.5356800287527723
2024-05-29,-0.013280954012934798,0.0,0.0,2.5020037788993896
2024-05-30,-0.004023741560658166,0.0,0.0,2.4919363623093083
2024-05-31,-0.0039545000592885945,0.0,0.0,2.482081999816813
2024-06-01,0.006402506671807523,0.0,0.0,2.497973546380613
2024-06-02,-0.0067364393385513765,0.0,0.0,2.4811460991161143
2024-06-03,0.008289085302988313,0.0,0.0,2.501712530780864
2024-06-04,0.016440870057898783,0.0,0.0,2.5428428614216494
2024-06-05,0.008154777120887713,0.0,0.0,2.563579178209983
2024-06-06,-0.010250675739502488,0.0,0.0,2.5373007593216124
2024-06-07,-0.03808651067087845,0.0,0.0,2.4406638268764818
2024-06-08,-0.011686029282476064,0.0,0.0,2.412142157926923
2024-06-09,0.01011385188733143,0.0,0.0,2.436538206443384
2024-06-10,-0.006533358596586803,0.0,0.0,2.420619428606405
2024-06-11,-0.035113107982270894,0.0,0.0,2.3356239572257653
2024-06-12,0.02696840499558612,0.0,0.0,2.398612010021623
2024-06-13,-0.02767474407552779,0.0,0.0,2.332231036507787
2024-06-14,-0.015305065148205009,0.17950984823342067,0.00017950984823342068,2.29653608855337
2024-06-15,0.016247876242324488,0.0,0.0,2.333849922706217
2024-06-16,0.006399831185117919,0.0,0.0,2.3487861682229374
2024-06-17,-0.01536537522914434,0.0,0.0,2.3126961874151677
2024-06-18,-0.0331210762706862,0.0,0.0,2.236097200600865
2024-06-19,0.005633467751547515,0.0,0.0,2.2486941820697752
2024-06-20,-0.004245039087594474,0.0,0.0,2.2391483873708427
2024-06-21,-0.006981938808366127,0.0,0.0,2.2235147903473678
2024-06-22,0.005492057148181748,0.0,0.0,2.235726460645783
2024-06-23,-0.01598661104547408,0.0,0.0,2.1999847713153646
2024-06-24,-0.022184583226296427,0.0,0.0,2.151179026059534
2024-06-25,0.022193774196144433,0.0,0.0,2.198921807619381
2024-06-26,-0.013012756779204286,0.0,0.0,2.1703077729603417
2024-06-27,0.025867572981177773,0.0,0.0,2.2264483676690108
2024-06-28,-0.015289756215473627,0.0,0.0,2.192406514901012
2024-06-29,0.0033328302465278964,0.0,0.0,2.199713433646559
2024-06-30,0.017706161305987227,0.0,0.0,2.238661914529652
2024-07-01,0.005500836472621411,0.0,0.0,2.250976427638965
2024-07-02,0.011708764342218552,0.0,0.0,2.2773325801700786
2024-07-03,-0.03998820316221953,0.0,0.0,2.186266142286296
2024-07-04,-0.07963603714367067,0.0,0.0,2.012160570573235
2024-07-05,-0.017433650070611276,0.0,0.0,1.9770812672999798
2024-07-06,0.053883052316828876,0.0,0.0,2.0836124406605268
2024-07-07,-0.05573132366515039,0.0,0.0,1.9674899613373409
2024-07-08,0.030739529390502555,0.0,0.0,2.027969676829389
2024-07-09,0.015619387860169422,0.0,0.0,2.0596453217804496
2024-07-10,0.010442284262761276,0.0,0.0,2.081152723710947
2024-07-11,0.0022761663292424194,0.0,0.0,2.085889773466669
2024-07-12,0.03071949528919379,0.0,0.0,2.1499672545364557
2024-07-13,0.044238307658191735,0.0,0.0,2.2450781673976774
2024-07-14,0.008283393895053023,0.12132227180305737,0.00012132227180305737,2.263675034183416
2024-07-15,0.04870232833622133,0.0,0.0,2.373921278944724
2024-07-16,0.010005708681259762,0.0,0.0,2.397674043694088
2024-07-17,0.0014969140399917658,0.0,0.0,2.401263155633418
2024-07-18,-0.022699672647122908,0.0,0.0,2.346755268060942
2024-07-19,0.03045695620226669,0.0,0.0,2.418230290477713
2024-07-20,0.012469679015357876,0.0,0.0,2.4483848459851854
2024-07-21,0.013787683051447008,0.0,0.0,2.482142400229595
2024-07-22,-0.020116525410098535,0.0,0.0,2.432210319563893
2024-07-23,-0.01486410594212154,0.0,0.0,2.3960576877003743
2024-07-24,-0.010048970856895646,0.0,0.0,2.3719797738252324
2024-07-25,-0.02166271447031993,0.0,0.0,2.320596253255482
2024-07-26,0.03353237841505083,0.0,0.0,2.3984113649681937
2024-07-27,-0.005597262956912592,0.0,0.0,2.3849868258796194
2024-07-28,-0.00262063433502297,0.0,0.0,2.378736647515142
2024-07-29,0.000728620398549804,0.0,0.0,2.380469843559299
2024-07-30,-0.005623326839177703,0.0,0.0,2.367083683598159
2024-07-31,-0.020441576635985677,0.0,0.0,2.318696761076096
2024-08-01,-0.009379997143352857,0.0,0.0,2.296947392080901
2024-08-02,-0.06220495226618923,0.0,0.0,2.1540658891985607
2024-08-03,-0.012347688911928816,0.0,0.0,2.1274681537029396
2024-08-04,-0.05264586557460487,0.0,0.0,2.015465751268842
2024-08-05,-0.08525641989295857,0.0,0.0,1.8436343568987883
2024-08-06,0.03829477049753208,0.0,0.0,1.9142359114775924
2024-08-07,0.014658823040842693,0.0,0.0,1.9422963569623686
2024-08-08,0.09399206666909204,0.0,0.0,2.12485680563711
2024-08-09,-0.024430719045399472,0.0,0.0,2.072945026006885
2024-08-10,0.0027662122158945267,0.0,0.0,2.078679231860703
2024-08-11,-0.04018704089949872,0.0,0.0,1.995143264552978
2024-08-12,0.03284948271747873,0.0,0.0,2.060682688740805
2024-08-13,0.009098706758078482,0.15071123699146208,0.0001507112369914621,2.0794322362471065
2024-08-14,-0.018413017715384096,0.0,0.0,2.041143613643148
2024-08-15,-0.01613926180960371,0.0,0.0,2.0082010624715605
2024-08-16,0.013214525584768383,0.0,0.0,2.03473848679095
2024-08-17,0.013280284280190305,0.0,0.0,2.061760392331378
2024-08-18,-0.009945464214524212,0.0,0.0,2.041255228130523
2024-08-19,0.01694980155819483,0.0,0.0,2.075854099176963
2024-08-20,-0.00478866610802133,0.0,0.0,2.0659135270070372
2024-08-21,0.028565607439019494,0.0,0.0,2.1249276018224803
2024-08-22,-0.0022907379997972174,0.0,0.0,2.1200599494181676
2024-08-23,0.047405146153002176,0.0,0.0,2.220561701173462
2024-08-24,0.0048159384057475385,0.0,0.0,2.2312557895524754
2024-08-25,-0.0173495604035057,0.0,0.0,2.192544482455963
2024-08-26,-0.03238697237594967,0.0,0.0,2.1215346048696206
2024-08-27,-0.050371071048012875,0.0,0.0,2.014670634556915
2024-08-28,0.0028372031709383836,0.0,0.0,2.0203866644696764
2024-08-29,0.004995089764106788,0.0,0.0,2.030478677216907
2024-08-30,0.0055000195695855455,0.0,0.0,2.0416463496772264
2024-08-31,-0.0030574135329175657,0.0,0.0,2.0354041924982913
2024-09-01,-0.03496752764687136,0.0,0.0,1.9642311401245494
2024-09-02,0.031283690528744384,0.0,0.0,2.0256795392391282
2024-09-03,-0.030314501995266047,0.0,0.0,1.964272072805094
2024-09-04,0.01137693730107972,0.0,0.0,1.9866194730196594
2024-09-05,-0.013952889518438693,0.0,0.0,1.9589003909974372
2024-09-06,-0.04110450769419591,0.0,0.0,1.8783807548035196
2024-09-07,0.012996913165467146,0.0,0.0,1.9027939063653858
2024-09-08,0.011049089564411158,0.0,0.0,1.9238180466594326
2024-09-09,0.02924943599917046,0.0,0.0,1.9800886394892467
2024-09-10,0.0027767039548091486,0.0,0.0,1.9855867594453893
2024-09-11,-0.002282751831736929,0.0,0.0,1.9810541576331926
2024-09-12,0.017540182049239517,0.07475643811544595,7.475643811544595e-05,2.015802208207482
2024-09-13,0.03155249031015155,0.0,0.0,2.0794057878491308
2024-09-14,0.0004215553376929271,0.0,0.0,2.0802823724582282
2024-09-15,-0.02949060248409383,0.0,0.0,2.0189335919573947
2024-09-16,-0.016980368285464786,0.0,0.0,1.984651356022062
2024-09-17,0.0148454054458904,0.0,0.0,2.0141143100709455
2024-09-18,0.015540496063139562,0.0,0.0,2.045414645577316
2024-09-19,0.01947695530727643,0.0,0.0,2.085253095214074
2024-09-20,0.008964200817912545,0.0,0.0,2.1039457227157468
2024-09-21,0.021344142775169744,0.0,0.0,2.148852640612599
2024-09-22,-0.009263455508851636,0.0,0.0,2.128946839781206
2024-09-23,0.008821367439906209,0.0,0.0,2.147727062114943
2024-09-24,0.019897658550123546,0.0,0.0,2.190461801855766
2024-09-25,-0.013091786210063806,0.0,0.0,2.1617847442445592
2024-09-26,0.03731745019327874,0.0,0.0,2.2424570387664953
2024-09-27,0.0186995826357169,0.0,0.0,2.284390049469954
2024-09-28,0.0025632833079271785,0.0,0.0,2.290245588352555
2024-09-29,-0.003802667103587073,0.0,0.0,2.2815365467945914
2024-09-30,-0.047629148587239226,0.0,0.0,2.172868903600095
2024-10-01,-0.05012703663380814,0.0,0.0,2.0639494244688703
2024-10-02,-0.02463187306065772,0.0,0.0,2.0131104842417353
2024-10-03,-0.0012369168186116926,0.0,0.0,2.010620434026053
2024-10-04,0.023529619058497223,0.0,0.0,2.0579295669099165
2024-10-05,0.000677635860992524,0.0,0.0,2.0593240937838515
2024-10-06,0.012738646323114826,0.0,0.0,2.0855570950792326
2024-10-07,-0.015996251041448032,0.0,0.0,2.052196000225072
2024-10-08,-0.002133705271495757,0.0,0.0,2.047817218801249
2024-10-09,-0.017025200914376346,0.0,0.0,2.0129527192152383
2024-10-10,-0.0004011734990770402,0.0,0.0,2.012145175929394
2024-10-11,0.0283891414542246,0.0,0.0,2.069268249955289
2024-10-12,0.009378074624723067,0.09962713542220157,9.962713542220157e-05,2.08867400202194
2024-10-13,-0.01124472726830677,0.0,0.0,2.0651874325168005
2024-10-14,0.04598591800137206,0.0,0.0,2.160156972445982
2024-10-15,0.011882479269986201,0.0,0.0,2.185824992890988
2024-10-16,0.0021068060954097293,0.0,0.0,2.1904301023095094
2024-10-17,-7.061111244669079e-05,0.0,0.0,2.1902754336032486
2024-10-18,0.019288508217648808,0.0,0.0,2.232522579303219
2024-10-19,0.014454520618390705,0.0,0.0,2.2647926229567803
2024-10-20,0.014073014430110862,0.0,0.0,2.29666508222086
2024-10-21,-0.02500336096111438,0.0,0.0,2.239240736163304
2024-10-22,-0.010130513051188145,0.0,0.0,2.2165560786608496
2024-10-23,-0.01995852927524083,0.0,0.0,2.172316879274684
2024-10-24,0.01180489814677042,0.0,0.0,2.197960858777032
2024-10-25,-0.045781132199301536,0.0,0.0,2.09733572213247
2024-10-26,0.014939565530127529,0.0,0.0,2.128669006591945
2024-10-27,0.02338253876688582,0.0,0.0,2.1784426921604494
2024-10-28,0.020808114063559334,0.0,0.0,2.2237719761798513
2024-10-29,0.03731190115678394,0.0,0.0,2.3067451363503
2024-10-30,-0.010805955131589228,0.0,0.0,2.281818551906887
2024-10-31,-0.03982818208085534,0.0,0.0,2.190937867146066
2024-11-01,0.0043037562591370536,0.0,0.0,2.2003671297051763
2024-11-02,-0.008865933140064359,0.0,0.0,2.1808588218496148
2024-11-03,-0.025447234822201622,0.0,0.0,2.125361995295938
2024-11-04,-0.010364848816740834,0.0,0.0,2.103332939533849
2024-11-05,0.022889487752906522,0.0,0.0,2.1514771530935937
2024-11-06,0.09202597098200646,0.0,0.0,2.3494689271526346
2024-11-07,0.02806929451863628,0.0,0.0,2.4154168624312664
2024-11-08,0.032022808235724814,0.0,0.0,2.4927652934262388
2024-11-09,0.0464438361610901,0.0,0.0,2.6085388763021786
2024-11-10,0.09822767728877399,0.0,0.0,2.8647695912388103
2024-11-11,0.07589874184185601,0.2930018588264115,0.0002930018588264115,3.082201998880644
2024-11-12,0.005691978004527254,0.0,0.0,3.0997458248637826
2024-11-13,-0.007498184624827045,0.0,0.0,3.076503358378917
2024-11-14,0.015716844969011514,0.0,0.0,3.1248562847092014
2024-11-15,0.07134089392354928,0.0,0.0,3.347786325442977
2024-11-16,0.09916034216411886,0.0,0.0,3.6797539629662612
2024-11-17,-0.04346810697213437,0.0,0.0,3.5198020240729084
2024-11-18,0.042202514043489486,0.0,0.0,3.6683465184241477
2024-11-19,-0.00868662853701815,0.0,0.0,3.6364809548735333
2024-11-20,-0.0018122951861964396,0.0,0.0,3.629890577944321
2024-11-21,0.07205476994981938,0.0,0.0,3.8914415084811154
2024-11-22,0.07709561982575015,0.0,0.0,4.19145460359312
2024-11-23,0.055677202332522636,0.0,0.0,4.424823069624957
2024-11-24,-0.009174135962243524,0.0,0.0,4.3842291411753465
2024-11-25,-0.038478781509739934,0.0,0.0,4.215529345963425
2024-11-26,-0.008657425841279523,0.0,0.0,4.17903371326901
2024-11-27,0.053802491955575835,0.0,0.0,4.4038761410092455
2024-11-28,0.006694155293268117,0.0,0.0,4.43335637178948
2024-11-29,0.0675234737215066,0.0,0.0,4.732711994258081
2024-11-30,0.01490411699024798,0.0,0.0,4.8032488875016535
2024-12-01,0.08601086288569068,0.0,0.0,5.216380468970404
2024-12-02,0.06101887278083502,0.0,0.0,5.534678125182941
2024-12-03,-0.020988342892080125,0.0,0.0,5.418514402894306
2024-12-04,0.015177613616832713,0.0,0.0,5.500754520878679
2024-12-05,-0.009982256174652175,0.0,0.0,5.4458445800973925
2024-12-06,0.03305396655727489,0.0,0.0,5.625851344724048
2024-12-07,0.012875109799952477,0.0,0.0,5.698284798505581
2024-12-08,0.0020377786000734055,0.0,0.0,5.709896641325099
2024-12-09,-0.1230217531154351,0.0,0.0,5.007455146401351
2024-12-10,0.004265516986737128,0.0,0.0,5.02881453138865
2024-12-11,0.05258800448387019,0.5230159363117982,0.0005230159363117982,5.293269852513868
2024-12-12,0.0007381846506165617,0.0,0.0,5.297177263070565
2024-12-13,0.014120874977974594,0.0,0.0,5.371978040938554
2024-12-14,-0.01969116091587939,0.0,0.0,5.266197556897863
2024-12-15,0.028717939024627822,0.0,0.0,5.417431897228499
2024-12-16,0.0015543807657735866,0.0,0.0,5.42585264916944
2024-12-17,-0.002303058092593251,0.0,0.0,5.413356595316552
2024-12-18,-0.07809601702229008,0.0,0.0,4.9905950065009845
2024-12-19,-0.05499514259757639,0.0,0.0,4.71613652247171
2024-12-20,0.0174389864362045,0.0,0.0,4.798381163318383
2024-12-21,-0.01810674130088298,0.0,0.0,4.711498116931147
2024-12-22,-0.02073363873069589,0.0,0.0,4.613811617094343
2024-12-23,0.029851988774192012,0.0,0.0,4.75154306969408
2024-12-24,0.030294031499501394,0.0,0.0,4.89548646511863
2024-12-25,0.00022076210585300843,0.0,0.0,4.896567203019845
2024-12-26,-0.05053246068235158,0.0,0.0,4.649131613354752
2024-12-27,-0.008295434438109811,0.0,0.0,4.610565046862024
2024-12-28,0.016251960742359274,0.0,0.0,4.685495769003719
2024-12-29,-0.022071859475972233,0.0,0.0,4.582078164815006
2024-12-30,-0.004925790270092968,0.0,0.0,4.5595078087739545
2024-12-31,0.005049440492703266,0.0,0.0,4.582530772130374
2025-01-01,0.02810176483290489,0.0,0.0,4.711307974228332
2025-01-02,0.026987678583937212,0.0,0.0,4.838455239546747
2025-01-03,0.049278236039736086,0.0,0.0,5.076885778908829
2025-01-04,0.0018760777718908955,0.0,0.0,5.0864104114690685
2025-01-05,0.002516480081568878,0.0,0.0,5.099210261956215
2025-01-06,0.018634712241588615,0.0,0.0,5.194232577847125
2025-01-07,-0.07428186500657231,0.0,0.0,4.808395294686745
2025-01-08,-0.017202920259963964,0.0,0.0,4.725676853853863
2025-01-09,-0.02891902818053567,0.0,0.0,4.5890148717451575
2025-01-10,0.023353199451780757,0.03778624714792453,3.778624714792453e-05,4.696183051332211
2025-01-11,0.014090585379462882,0.0,0.0,4.762355019574594
2025-01-12,-0.00950500312096308,0.0,0.0,4.717088820250403
2025-01-13,-0.016204694464174697,0.0,0.0,4.640649837157871
2025-01-14,0.033399671352158225,0.0,0.0,4.795646016579391
2025-01-15,0.07674090284680148,0.0,0.0,5.163668221625361
2025-01-16,-0.004431011622805191,0.0,0.0,5.140787947719029
2025-01-17,0.055230282888025437,0.0,0.0,5.424715120338902
2025-01-18,-0.03042294470551076,0.0,0.0,5.259679312189684
2025-01-19,-0.05687742800029904,0.0,0.0,4.960522280805953
2025-01-20,0.016900158862026792,0.0,0.0,5.044355895390197
2025-01-21,0.02695837402495455,0.0,0.0,5.18034352833311
2025-01-22,-0.023505708043249786,0.0,0.0,5.058575885792374
2025-01-23,0.004957983806261409,0.0,0.0,5.083656223116877
2025-01-24,0.0012110723326712964,0.0,0.0,5.089812898517506
2025-01-25,0.006104142038297768,0.0,0.0,5.120881839398416
2025-01-26,-0.02723280615112792,0.0,0.0,4.981425856943248
2025-01-27,-0.012808733987382795,0.0,0.0,4.917620098263791
2025-01-28,-0.022044238819598,0.0,0.0,4.809214906393609
2025-01-29,0.021605608831109527,0.0,0.0,4.9131209224458905
2025-01-30,0.035731415441303475,0.0,0.0,5.088673687239165
2025-01-31,-0.008555051474006632,0.0,0.0,5.0451398219104115
2025-02-01,-0.041967244627111065,0.0,0.0,4.833409204826317
2025-02-02,-0.07152878246344374,0.0,0.0,4.487681329257489
2025-02-03,0.022661934904347654,0.0,0.0,4.589380871412579
2025-02-04,-0.05191151050495189,0.0,0.0,4.3511391780950195
2025-02-05,-0.0071781721289131415,0.0,0.0,4.319905952117796
2025-02-06,-0.01947231304954538,0.0,0.0,4.235787391073564
2025-02-07,-0.000575159075639156,0.0,0.0,4.23335113951311
2025-02-08,0.006893248354535977,0.0,0.0,4.262532680289732
2025-02-09,-0.0019870303330392107,0.0934264148048084,9.34264148048084e-05,4.254062898558425
2025-02-10,0.02310284637165022,0.0,0.0,4.3523438601591575
2025-02-11,-0.005572696735742859,0.0,0.0,4.328089567736818
2025-02-12,0.03507563374654226,0.0,0.0,4.479900052236985
2025-02-13,-0.005946398627675774,0.0,0.0,4.453260780714238
2025-02-14,0.013637076792260408,0.0,0.0,4.5139902399568
2025-02-15,-0.0004877638095548923,0.0,0.0,4.511788478881066
2025-02-16,-0.018791732755108956,0.0,0.0,4.427004155538353
2025-02-17,0.0028720483990742895,0.0,0.0,4.439718725735962
2025-02-18,-0.014069838562933092,0.0,0.0,4.377252600000026
2025-02-19,0.021317847434935384,0.0,0.0,4.470566203111001
2025-02-20,0.011175566631488474,0.0,0.0,4.520527313594348
2025-02-21,-0.029132827213874606,0.0,0.0,4.388831572451804
2025-02-22,0.01321537102294038,0.0,0.0,4.44683161003895
2025-02-23,0.00282614090656948,0.0,0.0,4.459398982756707
2025-02-24,-0.08871612819735841,0.0,0.0,4.063778370919294
2025-02-25,-0.008407200373212886,0.0,0.0,4.029613371882647
2025-02-26,-0.03621636015865866,0.0,0.0,3.883675442706398
2025-02-27,0.004143699287149402,0.0,0.0,3.8997682258698596
2025-02-28,-0.015109369375835943,0.0,0.0,3.8408451872650433
2025-03-01,0.00944624683145022,0.0,0.0,3.8771267589453364
2025-03-02,0.169886090085332,0.0,0.0,4.535796664787775
2025-03-03,-0.13314637764838516,0.0,0.0,3.9318717691216563
2025-03-04,0.011135937164642524,0.0,0.0,3.9756568460820265
2025-03-05,0.033615809165757266,0.0,0.0,4.109301767928456
2025-03-06,-0.014042006327670681,0.0,0.0,4.051598926500897
2025-03-07,-0.03588211927111047,0.0,0.0,3.906218970581488
2025-03-08,-0.00419158203544512,0.0,0.0,3.889845733317884
2025-03-09,-0.07921912843610363,0.0,0.0,3.5816955445735448
2025-03-10,-0.05078636304927908,0.0,0.0,3.3997942543148474
2025-03-11,0.04976221436838009,0.2169758416273256,0.00021697584162732561,3.5689755448064497
2025-03-12,0.010722244533725195,0.0,0.0,3.6072429733327493
2025-03-13,-0.025791619810727417,0.0,0.0,3.514206333999633
2025-03-14,0.03763151220891412,0.0,0.0,3.6464512325621836
2025-03-15,0.014653176729134881,0.0,0.0,3.699883326907089
2025-03-16,-0.02581259737781586,0.0,0.0,3.604379728244743
2025-03-17,0.020164935502615618,0.0,0.0,3.6770618129917336
2025-03-18,-0.011872758166534055,0.0,0.0,3.6334049473226853
2025-03-19,0.05444099062121027,0.0,0.0,3.831211111982938
2025-03-20,-0.03270746271634686,0.0,0.0,3.7059019173793026
2025-03-21,-0.005700430390294435,0.0,0.0,3.684776681466023
2025-03-22,-0.0008816162582035217,0.0,0.0,3.6815281224357936
2025-03-23,0.019718165393216944,0.0,0.0,3.7541211028537624
2025-03-24,0.0262552058132896,0.0,0.0,3.852686325057202
2025-03-25,0.005672368013197736,0.0,0.0,3.874540179732341
2025-03-26,-0.01025510093395501,0.0,0.0,3.8348063791165217
2025-03-27,-0.0026005272532923576,0.0,0.0,3.8248338606165295
2025-03-28,-0.04825478024976386,0.0,0.0,3.640267343180623
2025-03-29,-0.03270681847562722,0.0,0.0,3.5212057799844607
2025-03-30,-0.0057235996929597514,0.0,0.0,3.5010518076632935
2025-03-31,-0.0026485548654156567,0.0,0.0,3.4917790798640342
2025-04-01,0.03378592821938641,0.0,0.0,3.6097520772142757
2025-04-02,-0.04323274859000737,0.0,0.0,3.453692573187814
2025-04-03,0.00984409449592069,0.0,0.0,3.487691049238134
2025-04-04,0.012870748600114614,0.0,0.0,3.532580243927748
2025-04-05,-0.0077886562748053405,0.0,0.0,3.505066190644627
2025-04-06,-0.09482657511218051,0.0,0.0,3.1726927682443
2025-04-07,0.0011751306740462992,0.0,0.0,3.176421096835589
2025-04-08,-0.04468099698331971,0.0,0.0,3.0344954353901246
2025-04-09,0.10360378660730915,0.0,0.0,3.348880652939137
2025-04-10,-0.04618728787070166,0.09771572499512284,9.771572499512284e-05,3.1942049381772133
2025-04-11,0.03740915466754735,0.0,0.0,3.3136974447493284
2025-04-12,0.037659233282696256,0.0,0.0,3.4384887498494177
2025-04-13,-0.019833748811163766,0.0,0.0,3.370290627694892
2025-04-14,0.0028118022483287685,0.0,0.0,3.379767218459366
2025-04-15,-0.021574812108113683,0.0,0.0,3.306849375751943
2025-04-16,0.0009849621804644017,0.0,0.0,3.3101064973235514
2025-04-17,0.008583893593458021,0.0,0.0,3.338520099279591
2025-04-18,0.004160615362647818,0.0,0.0,3.3524103972931627
2025-04-19,0.014014194421534334,0.0,0.0,3.3993917283816026
2025-04-20,-0.0017780514659732575,0.0,0.0,3.3933474349355364
2025-04-21,0.009546880912695037,0.0,0.0,3.4257433187922652
2025-04-22,0.07979581686006344,0.0,0.0,3.6991033052681987
2025-04-23,0.007921550669945446,0.0,0.0,3.7284059395342437
2025-04-24,0.009446110641886211,0.0,0.0,3.7636248745569496
2025-04-25,0.00548893624008686,0.0,0.0,3.784283171524998
2025-04-26,0.004302917694442188,0.0,0.0,3.800566630544533
2025-04-27,-0.013315398040077376,0.0,0.0,3.7499605730809966
2025-04-28,0.011670122308466738,0.0,0.0,3.79372307162078
2025-04-29,-0.010930750843510712,0.0,0.0,3.752254829955615
2025-04-30,-0.009923606317329118,0.0,0.0,3.7150189302208387
2025-05-01,0.031352929134024016,0.0,0.0,3.83149565547161
2025-05-02,0.00016582261571421408,0.0,0.0,3.832131004103298
2025-05-03,-0.014874743893872989,0.0,0.0,3.775129036849491
2025-05-04,-0.01984650994751741,0.0,0.0,3.700205900866496
2025-05-05,-0.00111980800493151,0.0,0.0,3.696062380678811
2025-05-06,0.023587466265058664,0.0,0.0,3.7832431273966245
2025-05-07,-0.003917733016137908,0.0,0.0,3.7684213908883457
2025-05-08,0.10939018086301927,0.0,0.0,4.180649688405692
2025-05-09,0.03283778162042978,0.0,0.0,4.317932949905076
2025-05-10,0.0727903564135957,0.13262983010786744,0.00013262983010786745,4.632236828298676
2025-05-11,-0.03206042310218089,0.0,0.0,4.483725355673916
2025-05-12,0.007065442666269561,0.0,0.0,4.515404860105729
2025-05-13,0.023607776776170368,0.0,0.0,4.62200353009714
2025-05-14,-0.02171057945523374,0.0,0.0,4.521657155214595
2025-05-15,-0.026028576531191876,0.0,0.0,4.403964855902281
2025-05-16,-0.0003531325141855536,0.0,0.0,4.4024096727203315
2025-05-17,-0.018490947182847585,0.0,0.0,4.321004947984802
2025-05-18,0.03987172705742716,0.0,0.0,4.493290877884644
2025-05-19,-0.019730090865062732,0.0,0.0,4.404637840580823
2025-05-20,0.0005754110646041951,0.0,0.0,4.407172317929867
2025-05-21,0.023926352452485707,0.0,0.0,4.512619876127496
2025-05-22,0.0308200399727008,0.0,0.0,4.651699001091349
2025-05-23,-0.05649213221795851,0.0,0.0,4.388914606083551
2025-05-24,0.004101958930876725,0.0,0.0,4.40691775354883
2025-05-25,0.004844664922771793,0.0,0.0,4.428267793406989
2025-05-26,-0.00194306651277488,0.0,0.0,4.41966337454802
2025-05-27,0.007514530238938106,0.0,0.0,4.452875068621989
2025-05-28,-0.00726614053654453,0.0,0.0,4.420519852581706
2025-05-29,-0.02608575352449536,0.0,0.0,4.305207261257121
2025-05-30,-0.04923899520523437,0.0,0.0,4.093223181562542
2025-05-31,0.006771382677051651,0.0,0.0,4.120939962107481
2025-06-01,0.00575924016627191,0.0,0.0,4.144673445060045
2025-06-02,0.011376025475984645,0.0,0.0,4.191823355760685
2025-06-03,-0.0019533385316023895,0.0,0.0,4.183635305682207
2025-06-04,-0.01433234586500826,0.0,0.0,4.12367399750811
2025-06-05,-0.049696155324223105,0.0,0.0,3.918743254021487
2025-06-06,0.030225412664108914,0.0,0.0,4.0371888859989795
2025-06-07,0.01895253979874071,0.0,0.0,4.113703869035909
2025-06-08,0.0009156140819187701,0.0,0.0,4.117470434227243
2025-06-09,0.04307140701505258,0.24015859774374437,0.00024015859774374437,4.29481567917229
2025-06-10,0.014524969713876559,0.0,0.0,4.357197746838949
2025-06-11,-0.01792667528577246,0.0,0.0,4.279087677675468
2025-06-12,-0.04234158501450913,0.0,0.0,4.097904322986634
2025-06-13,-0.011552814554676431,0.0,0.0,4.050561994280362
2025-06-14,-0.011781857456009676,0.0,0.0,4.002838850247021
2025-06-15,0.005790707038885953,0.0,0.0,4.026018117352672
2025-06-16,0.00824160262548968,0.0,0.0,4.059198958838915
2025-06-17,-0.025685358309072967,0.0,0.0,3.954936979133322
2025-06-18,-0.0012907348505154968,0.0,0.0,3.9498322041427625
2025-06-19,-0.0035788952365721706,0.0,0.0,3.9356961684820964
2025-06-20,-0.02707030650730785,0.0,0.0,3.8291556668816487
2025-06-21,-0.0284799121347504,0.0,0.0,3.7201016499385777
2025-06-22,-0.020146278660598527,0.0,0.0,3.645155445453163
2025-06-23,0.06716783916909963,0.0,0.0,3.8899926601597286
2025-06-24,0.005416676416395677,0.0,0.0,3.911063491661968
2025-06-25,-0.004974604093109676,0.0,0.0,3.8916074992079346
2025-06-26,-0.013442937970656465,0.0,0.0,3.839292860989941
2025-06-27,0.007720004945975241,0.0,0.0,3.8689322208658306
2025-06-28,0.010473933282137894,0.0,0.0,3.9094551588202933
2025-06-29,0.02006195142340613,0.0,0.0,3.9878864583085307
2025-06-30,-0.014042794337015298,0.0,0.0,3.931885388935136
2025-07-01,-0.02911740922976788,0.0,0.0,3.8173990730209666
2025-07-02,0.05042394372143964,0.0,0.0,4.009887389041252
2025-07-03,0.011373726427585273,0.0,0.0,4.055494751209631
2025-07-04,-0.02850567266392507,0.0,0.0,3.9398901453413826
2025-07-05,0.0029448750836360946,0.0,0.0,3.9514926296626616
2025-07-06,0.014760582446000415,0.0,0.0,4.00981896240756
2025-07-07,-0.009573611383252877,0.0,0.0,3.971430513944272
2025-07-08,0.015207462367532626,0.0,0.0,4.031825894030351
2025-07-09,0.03781028229107392,0.15762966788074878,0.00015762966788074878,4.1842703692321
2025-07-10,0.05633416649733522,0.0,0.0,4.419987752882287
2025-07-11,0.023801245724482896,0.0,0.0,4.525188967487844
2025-07-12,-0.0047303168342769245,0.0,0.0,4.503783389936651
2025-07-13,0.021464188932812447,0.0,0.0,4.600453447530714
2025-07-14,0.009753075055648331,0.0,0.0,4.6453220152944965
2025-07-15,0.0012243153461165262,0.0,0.0,4.651009354325474
2025-07-16,0.02545597395596661,0.0,0.0,4.7694053273181405
2025-07-17,0.045381110341661646,0.0,0.0,4.985846236741274
2025-07-18,-0.0026691177138100783,0.0,0.0,4.972538426232455
2025-07-19,0.024220590993391813,0.0,0.0,5.092976245653156
2025-07-20,0.019860172064498836,0.0,0.0,5.194123630212233
2025-07-21,0.007520206667282417,0.0,0.0,5.233184513366844
2025-07-22,0.014214825899234788,0.0,0.0,5.307573320122925
2025-07-23,-0.05627890909118727,0.0,0.0,5.008868883744916
2025-07-24,-0.007421460193550817,0.0,0.0,4.971695762709488
2025-07-25,0.004392115642691735,0.0,0.0,4.993532025439589
2025-07-26,0.003739709039964058,0.0,0.0,5.012206382296475
2025-07-27,0.017652662478039323,0.0,0.0,5.1006851698334295
2025-07-28,-0.03517959278886754,0.0,0.0,4.921245142614474
2025-07-29,-0.0018319614589098173,0.0,0.0,4.912229611183357
2025-07-30,-0.004762464287987701,0.0,0.0,4.888835293085701
2025-07-31,-0.026595059683724318,0.0,0.0,4.758816426682189
2025-08-01,-0.02416148406158058,0.0,0.0,4.643836359436919
2025-08-02,-0.02260999365189407,0.0,0.0,4.538839248829615
2025-08-03,0.03316651454212849,0.0,0.0,4.689376726780306
2025-08-04,0.037920808335054706,0.0,0.0,4.8672016828474085
2025-08-05,-0.021365588434615276,0.0,0.0,4.763211054863424
2025-08-06,0.010139993572456735,0.0,0.0,4.811509984343994
2025-08-07,0.04997714785056223,0.0,0.0,5.051975530216009
2025-08-08,0.003802279008356042,0.2710737300952446,0.0002710737300952446,5.071184550725278
2025-08-09,0.007934632708474025,0.0,0.0,5.111422537532171
2025-08-10,0.010664225009610473,0.0,0.0,5.165931897591609
2025-08-11,-0.01704701724304112,0.0,0.0,5.077868167456988
2025-08-12,0.04399805633141862,0.0,0.0,5.301284497132278
2025-08-13,0.0285679054577214,0.0,0.0,5.452731091450838
2025-08-14,-0.04526774879673599,0.0,0.0,5.2058982301468895
2025-08-15,-0.007954485845589008,0.0,0.0,5.1644879863616096
2025-08-16,0.002764949285596483,0.0,0.0,5.178767533729972
2025-08-17,0.0067272163391251085,0.0,0.0,5.213606223299411
2025-08-18,-0.021091089728091296,0.0,0.0,5.103645586636868
2025-08-19,-0.044923334629642035,0.0,0.0,4.874372808117284
2025-08-20,0.029221394320496905,0.0,0.0,5.016808778008387
2025-08-21,-0.020863692088634537,0.0,0.0,4.912139624396461
2025-08-22,0.07045057135553122,0.0,0.0,5.258202667513336
2025-08-23,-0.010915393095659639,0.0,0.0,5.200807318420782
2025-08-24,-0.014982257814971022,0.0,0.0,5.122887482330214
2025-08-25,-0.05459862488170664,0.0,0.0,4.843184870371276
2025-08-26,0.029516670138100783,0.0,0.0,4.9861395606078664
2025-08-27,-0.009978480348652664,0.0,0.0,4.936385464986701
2025-08-28,0.012682502553556626,0.0,0.0,4.998991186251735
2025-08-29,-0.03855958358789821,0.0,0.0,4.806232167750295
2025-08-30,0.003584871892302077,0.0,0.0,4.823461894356342
2025-08-31,-0.00846212647139209,0.0,0.0,4.782645149776358
2025-09-01,-0.0013893898477445642,0.0,0.0,4.776000191159894
2025-09-02,0.02306812255021426,0.0,0.0,4.886173548869417
2025-09-03,0.008495504539857493,0.0,0.0,4.927684058436369
2025-09-04,-0.017658660151609322,0.0,0.0,4.840667760313938
2025-09-05,0.006334514983036166,0.0,0.0,4.871331042769546
2025-09-06,-0.004565192120207802,0.0,0.0,4.849092480678171
2025-09-07,0.018849889313540712,0.056729325917427915,5.672932591742792e-05,4.9404973372100764
2025-09-08,0.012101524405271279,0.0,0.0,5.000284886310502
2025-09-09,-0.002060504624716125,0.0,0.0,4.989981776177362
2025-09-10,0.022686771443120566,0.0,0.0,5.103188352238834
2025-09-11,0.01288467180483909,0.0,0.0,5.168941259315709
2025-09-12,0.020172553191791877,0.0,0.0,5.273212001814502
2025-09-13,0.007914970874960453,0.0,0.0,5.314949321226356
2025-09-14,-0.01921845946344153,0.0,0.0,5.212804183146122
2025-09-15,-0.01186331712844764,0.0,0.0,5.15096303399296
2025-09-16,0.011871404023646887,0.0,0.0,5.212112197280361
2025-09-17,0.012471208006397201,0.0,0.0,5.277113532645324
2025-09-18,0.00666890504251165,0.0,0.0,5.312306101693089
2025-09-19,-0.024108899092533477,0.0,0.0,5.184232249938721
2025-09-20,0.0006264182728462135,0.0,0.0,5.187479747750761
2025-09-21,-0.0063837830799533665,0.0,0.0,5.154364002309468
2025-09-22,-0.04247091306577004,0.0,0.0,4.935453456858048
2025-09-23,-0.008472522722318892,0.0,0.0,4.893637715299871
2025-09-24,0.009923442856161644,0.0,0.0,4.942199449526407
2025-09-25,-0.047520648047242556,0.0,0.0,4.707342928906186
2025-09-26,0.019762985377487854,0.0,0.0,4.80037407837698
2025-09-27,-0.002258495864105513,0.0,0.0,4.7895324533748065
2025-09-28,0.024569701392408404,0.0,0.0,4.907209835563475
2025-09-29,0.010754387961047756,0.0,0.0,4.959983873941394
2025-09-30,-0.006153111358336131,0.0,0.0,4.929464540829481
2025-10-01,0.04877927125297259,0.0,0.0,5.169920228798513
2025-10-02,0.027532499001632665,0.0,0.0,5.312261052336428
2025-10-03,0.006757128665004564,0.0,0.0,5.348156683769158
2025-10-04,-0.008783494113754474,0.0,0.0,5.301181181017835
2025-10-05,0.0021513353584341334,0.0,0.0,5.312585799534024
2025-10-06,0.020171954740792197,0.0,0.0,5.4197510398388
2025-10-07,-0.03633599572483817,0.032622079591968466,3.262207959196847e-05,5.22281898922553
2025-10-08,0.016168189274423567,0.0,0.0,5.307262515189382
2025-10-09,-0.011860025324999642,0.0,0.0,5.244318247352815
2025-10-10,-0.13897635605455955,0.0,0.0,4.515482007345287
2025-10-11,-0.016501135389392074,0.0,0.0,4.440971427393718
2025-10-12,0.06404225559583941,0.0,0.0,4.725381254640686
2025-10-13,0.01409369682701183,0.0,0.0,4.791979345435636
2025-10-14,-0.026588364465060636,0.0,0.0,4.664568452090151
2025-10-15,-0.027491034475999352,0.0,0.0,4.536334639958082
2025-10-16,-0.029334525032245148,0.0,0.0,4.403263417907591
2025-10-17,-0.01971887419325046,0.0,0.0,4.316436020530129
2025-10-18,0.013090471953852215,0.0,0.0,4.372940205197477
2025-10-19,0.018191649199829185,0.0,0.0,4.4524911993822585
2025-10-20,0.018275389786211724,0.0,0.0,4.533862211570647
2025-10-21,-0.022205467512267252,0.0,0.0,4.433185681526519
2025-10-22,-0.014442909565912428,0.0,0.0,4.3691575816393335
2025-10-23,0.021930148658524325,0.0,0.0,4.464973856917203
2025-10-24,0.017664851305631578,0.0,0.0,4.543846956183177
2025-10-25,0.0067677772646607985,0.0,0.0,4.574598700307332
2025-10-26,0.030924424491296478,0.0,0.0,4.716065532392969
2025-10-27,-0.007968112697409723,0.0,0.0,4.678487390742492
2025-10-28,-0.01879649062244421,0.0,0.0,4.590548246375177
2025-10-29,-0.014471689678871327,0.0,0.0,4.5241152566977485
2025-10-30,-0.033379691478059643,0.0,0.0,4.373101685217995
2025-10-31,0.014063206546500631,0.0,0.0,4.434601517466066
2025-11-01,0.012682779715584179,0.0,0.0,4.490844591638484
2025-11-02,0.0024818215547608028,0.0,0.0,4.501990066545093
2025-11-03,-0.07165822053409669,0.0,0.0,4.179385469514292
2025-11-04,-0.04518637580910053,0.0,0.0,3.990534187037725
2025-11-05,0.036288786791817344,0.0,0.0,4.135345831336595
2025-11-06,-0.030146884869929086,0.1499933815219533,0.0001499933815219533,4.010678036661949
2025-11-07,0.06509283239700046,0.0,0.0,4.271744429900716
2025-11-08,-0.0051833608227313,0.0,0.0,4.249602437178048
2025-11-09,0.02708729398796854,0.0,0.0,4.364712667725877
2025-11-10,0.012533583181115297,0.0,0.0,4.419418157008487
2025-11-11,-0.041678708612294474,0.0,0.0,4.235222515406647
2025-11-12,-0.013497167766322935,0.0,0.0,4.178059006588495
2025-11-13,-0.023958157941348215,0.0,0.0,4.077960409020376
2025-11-14,-0.04120721433193514,0.0,0.0,3.9099190204087275
2025-11-15,0.014983453748154525,0.0,0.0,3.9685031112100515
2025-11-16,-0.021479313321885594,0.0,0.0,3.883262389465493
2025-11-17,-0.029448699024743487,0.0,0.0,3.7689053641240178
2025-11-18,0.02408578905636944,0.0,0.0,3.8596824236977283
2025-11-19,-0.02673565140366311,0.0,0.0,3.7564912998889004
2025-11-20,-0.05452571362441981,0.0,0.0,3.5516659310385337
2025-11-21,-0.03258847879406602,0.0,0.0,3.4359225411612777
2025-11-22,-0.004689843781892815,0.0,0.0,3.419808601196547
2025-11-23,0.021626345765707263,0.0,0.0,3.4937665644585634
2025-11-24,0.03779641723173001,0.0,0.0,3.625818423239107
2025-11-25,-0.008374180259543002,0.0,0.0,3.595455166174531
2025-11-26,0.02699698725694405,0.0,0.0,3.692521623478658
2025-11-27,8.838386609339474e-05,0.0,0.0,3.692847982815375
2025-11-28,-0.010183851464709756,0.0,0.0,3.6552405674766297
2025-11-29,-0.003056787538587433,0.0,0.0,3.644067273659428
2025-11-30,-0.008638748094644806,0.0,0.0,3.612587094442345
2025-12-01,-0.05730229810345017,0.0,0.0,3.405577551831933
2025-12-02,0.07053895479112285,0.0,0.0,3.6458034327982687
2025-12-03,0.033639453439062404,0.0,0.0,3.7684462676238604
2025-12-04,-0.024459147069296836,0.0,0.0,3.6762732861413054
2025-12-05,-0.03678415207836654,0.0,0.0,3.5410446905022477
2025-12-06,0.0007461710786882209,0.12267923803636219,0.00012267923803636218,3.543686915638643
2025-12-07,0.005161811031634775,0.0,0.0,3.561978757852446
2025-12-08,0.015753599060105948,0.0,0.0,3.6180927430642673
2025-12-09,0.03866149772837099,0.0,0.0,3.7579736274312823
2025-12-10,-0.016998835386761953,0.0,0.0,3.694092452350785
2025-12-11,-0.015328933822108445,0.0,0.0,3.63746595361595
2025-12-12,-0.026337164723511164,0.0,0.0,3.5416654136194032
2025-12-13,0.0048629189178921875,0.0,0.0,3.558888245360137
2025-12-14,-0.026532674648669846,0.0,0.0,3.464461421435021
2025-12-15,-0.025902385249765146,0.0,0.0,3.374723607014062
2025-12-16,0.010963257953272049,0.0,0.0,3.411721572438754
2025-12-17,-0.033439962195365214,0.0,0.0,3.2976337320352904
2025-12-18,-0.01761437969513105,0.0,0.0,3.239547959383749
2025-12-19,0.04791286292693764,0.0,0.0,3.394763976706943
2025-12-20,0.0016463647745658138,0.0,0.0,3.4003529965361587
2025-12-21,-0.0031810489015967293,0.0,0.0,3.389536307371486
2025-12-22,2.3685008122238628e-05,0.0,0.0,3.389616588566457
2025-12-23,-0.013674195631497731,0.0,0.0,3.3432663082186296
2025-12-24,-0.005298878305547695,0.0,0.0,3.3255507469083416
2025-12-25,-0.014570483041750786,0.0,0.0,3.277095866146032
2025-12-26,0.00589475451181044,0.0,0.0,3.2964135417886316
2025-12-27,0.023625397653672366,0.0,0.0,3.374292622544339
2025-12-28,-0.004980573421879247,0.0,0.0,3.3574867103908512
2025-12-29,-0.010975323487996347,0.0,0.0,3.320637207637663
2025-12-30,0.00968031697498642,0.0,0.0,3.3527820283665295
2025-12-31,-0.018635225610901366,0.0,0.0,3.290302178843744
2026-01-01,0.034094992431458374,0.0,0.0,3.4024850067286323
2026-01-02,0.04759256391019444,0.0,0.0,3.564417991864843
2026-01-03,0.002614040742273613,0.0,0.0,3.573735525718071
2026-01-04,0.015712708553215337,0.0,0.0,3.629888590479951
2026-01-05,0.04069161203413421,0.04737789121569718,4.737789121569718e-05,3.7775946087308916
2026-01-06,0.00023255488242948652,0.0,0.0,3.7784731068009916
2026-01-07,-0.03509779749130205,0.0,0.0,3.6458570228721596
2026-01-08,-0.011960109185195765,0.0,0.0,3.602252174804996
2026-01-09,-0.007788896194539813,0.0,0.0,3.5741946065488843
2026-01-10,-0.001982551632287814,0.0,0.0,3.5671085811975565
2026-01-11,-0.0013706692774365882,0.0,0.0,3.5622192550560285
2026-01-12,-0.005977511902726874,0.0,0.0,3.540926047058808
2026-01-13,0.06005306795565046,0.0,0.0,3.7535695195887633
2026-01-14,0.0018844914561172374,0.0,0.0,3.76064308927837
2026-01-15,-0.02785087295705866,0.0,0.0,3.655905896362037
2026-01-16,0.0016634184638219826,0.0,0.0,3.6619871977320417
2026-01-17,-0.00038717841887375964,0.0,0.0,3.660569355318888
2026-01-18,-0.026042948039226438,0.0,0.0,3.565237337804333
2026-01-19,-0.01528087416551518,0.0,0.0,3.510757394675149
2026-01-20,-0.05334487155327549,0.0,0.0,3.323476492401491
2026-01-21,0.020164651596139574,0.0,0.0,3.390493237958727
2026-01-22,-0.006851768102641161,0.0,0.0,3.367262364538661
2026-01-23,0.0006574799122691763,0.0,0.0,3.369476271902685
2026-01-24,-0.003052868296925497,0.0,0.0,3.3591897046149506
2026-01-25,-0.035829718852752025,0.0,0.0,3.238830881925538
2026-01-26,0.029354862018752204,0.0,0.0,3.333906315566536
2026-01-27,0.01412634891643113,0.0,0.0,3.381002239434922
2026-01-28,-0.0030434597971266825,0.0,0.0,3.3707122950452066
2026-01-29,-0.05662249345017929,0.0,0.0,3.1798541601965704
2026-01-30,-0.02048760706924769,0.0,0.0,3.1147065576249506
2026-01-31,-0.07564303437055933,0.0,0.0,2.87910070243232
2026-02-01,-0.028785266969661567,0.0,0.0,2.7962250200802656
2026-02-02,0.027030913522734738,0.0,0.0,2.871809536788162
2026-02-03,-0.03379086386757527,0.0,0.0,2.774768611676949
2026-02-04,-0.02828943394955969,0.1492971110053055,0.00014929711100530548,2.6962719783116023
2026-02-05,-0.15121834345117705,0.0,0.0,2.288546196257494
2026-02-06,0.13061444659521115,0.0,0.0,2.587463391189242
2026-02-07,-0.009345161886319843,0.0,0.0,2.5632831269236522
2026-02-08,-0.00024740908744637596,0.0,0.0,2.5626489473843534
2026-02-09,-0.0015687344247258463,0.0,0.0,2.558628831762104
2026-02-10,-0.02607901348418548,0.0,0.0,2.4919023159575544
2026-02-11,-0.025351581611288785,0.0,0.0,2.428728651027197
2026-02-12,0.004791155363924119,0.0,0.0,2.4403650673310824
2026-02-13,0.039393498007143354,0.0,0.0,2.5364995837476916
2026-02-14,0.046746530166549,0.0,0.0,2.6550721380567923
2026-02-15,-0.03330574080897251,0.0,0.0,2.566642993597548
2026-02-16,0.0041132516835184684,0.0,0.0,2.577200242211954
2026-02-17,-0.013950354884150987,0.0,0.0,2.5412473842255774
2026-02-18,-0.0206460552973571,0.0,0.0,2.488780650206592
2026-02-19,-0.0025663600047415107,0.0,0.0,2.482393543085327
2026-02-20,0.024013169638678826,0.0,0.0,2.542003680345396
2026-02-21,-0.002346750302658333,0.0,0.0,2.5360382324391866
2026-02-22,-0.01817734802891497,0.0,0.0,2.489939782873505
2026-02-23,-0.04037636913638335,0.0,0.0,2.389405055072838
2026-02-24,-0.007257088775856521,0.0,0.0,2.372064930466694
2026-02-25,0.10482515503544532,0.0,0.0,2.620717004557008
2026-02-26,-0.01860746730963654,0.0,0.0,2.571952098566905
2026-02-27,-0.028485389658853007,0.0,0.0,2.498689040855322
2026-02-28,0.0151513009696713,0.0,0.0,2.5365474305429405
2026-03-01,-0.023790848493633582,0.0,0.0,2.4762008149259778
2026-03-02,0.030529280728717127,0.0,0.0,2.551797444745531
2026-03-03,-0.015228882906080057,0.0,0.0,2.512936420259467
2026-03-04,0.05882238540880009,0.0,0.0,2.66075333487978
2026-03-05,-0.02631712412374678,0.0,0.0,2.5907299591030757
2026-03-06,-0.03406702830853653,0.21265397723625482,0.00021265397723625482,2.5024714882465378
2026-03-07,-0.01066648796839871,0.0,0.0,2.4757789062258952
2026-03-08,-0.015020408627186123,0.0,0.0,2.4385916953838143
2026-03-09,0.025254119138743633,0.0,0.0,2.5001761805897877
2026-03-10,0.018821101682295616,0.0,0.0,2.547232250708322
2026-03-11,0.005375052329942665,0.0,0.0,2.5609237573523966
2026-03-12,0.003991254369665548,0.0,0.0,2.57114505548931
2026-03-13,0.006992527079838582,0.0,0.0,2.589123856916012
2026-03-14,-0.0025437354603057303,0.0,0.0,2.5825378107500514
2026-03-15,0.024161326162945973,0.0,0.0,2.6449353491237235
2026-03-16,0.05966828160325804,0.0,0.0,2.8027540963576496
2026-03-17,-0.01371541048838929,0.0,0.0,2.7643131734280897
2026-03-18,-0.04026085999042037,0.0,0.0,2.6530195477830265
2026-03-19,-0.018975446636851925,0.0,0.0,2.6026773169275446
2026-03-20,0.004278992767861478,0.0,0.0,2.6138141543437547
2026-03-21,-0.028107198754895694,0.0,0.0,2.5403471603992553
2026-03-22,-0.017830333279138265,0.0,0.0,2.495051923884624
2026-03-23,0.040496117062578274,0.0,0.0,2.5960918386714673
2026-03-24,0.0021380390034257705,0.0,0.0,2.6016423842790224
2026-03-25,0.0052110779990727964,0.0,0.0,2.615199745669194
2026-03-26,-0.04051599911034312,0.0,0.0,2.5092423151002916
2026-03-27,-0.02762043282849238,0.0,0.0,2.4399359562856535
2026-03-28,0.00040874932544548434,0.0,0.0,2.4409332784619155
2026-03-29,-0.007833257856408964,0.0,0.0,2.421812818681434
2026-03-30,0.00596310466175701,0.0,0.0,2.436254341990416
2026-03-31,0.017431028460880765,0.0,0.0,2.4787207607635953
2026-04-01,0.004878302263654109,0.0,0.0,2.4908127098617947
2026-04-02,-0.025144147340776385,0.0,0.0,2.428183348086751
2026-04-03,0.00809465237458121,0.0,0.0,2.44783864819126
2026-04-04,0.005543894752721274,0.0,0.0,2.461409208028476
2026-04-05,0.012231758326655824,0.08138043078115458,8.138043078115457e-05,2.4915165706040856
2026-04-06,-0.007466422803189082,0.0,0.0,2.4729138544668037
2026-04-07,0.05015182087012819,0.0,0.0,2.596934987123281
2026-04-08,-0.026532171115976614,0.0,0.0,2.5280326636678594
2026-04-09,0.007701570462454552,0.0,0.0,2.5475024853584842
2026-04-10,0.012064833167620225,0.0,0.0,2.5782376778384326
2026-04-11,-0.0012076058862791712,0.0,0.0,2.575124182842448
2026-04-12,-0.03422850953833754,0.0,0.0,2.4869815201876215
2026-04-13,0.04253624603033916,0.0,0.0,2.592768378003229
2026-04-14,-0.015856305195406713,0.0,0.0,2.5516566513006103
2026-04-15,0.016328920739424234,0.0,0.0,2.5933224505139223
2026-04-16,0.032121725745539356,0.0,0.0,2.6766244430390804
2026-04-17,0.012700177789798678,0.0,0.0,2.710618049342197
2026-04-18,-0.027584341135034485,0.0,0.0,2.63584743638236
2026-04-19,-0.02754880754759832,0.0,0.0,2.563232982632632
2026-04-20,0.023467290404720297,0.0,0.0,2.6233851154110295
2026-04-21,0.005146790848356699,0.0,0.0,2.6368871299147423
2026-04-22,0.007671699682165912,0.0,0.0,2.6571165360712166
2026-04-23,0.0018994360402661793,0.0,0.0,2.6621635589830177
2026-04-24,5.198013104179631e-05,0.0,0.0,2.662301938593669
2026-04-25,-0.002976562998881938,0.0,0.0,2.654377429151399
2026-04-26,0.010904210470303526,0.0,0.0,2.6833213193064887
2026-04-27,-0.016683253287210608,0.0,0.0,2.6385547900855264
2026-04-28,-0.0051727708467168764,0.0,0.0,2.624906150789907
2026-04-29,-0.0026538263375075113,0.0,0.0,2.6179401057134553
2026-04-30,0.00432027080546662,0.0,0.0,2.6292503159226293
2026-05-01,0.01311234808130135,0.0,0.0,2.6637259612578785
2026-05-02,0.005668282142939709,0.0,0.0,2.6788247115577613
2026-05-03,-0.002349064282440248,0.0,0.0,2.6725319801089227
2026-05-04,0.007590902693822751,0.0,0.0,2.692818910316059
2026-05-05,0.025502756055831504,0.05826095997490689,5.8260959974906894e-05,2.7614932140883792
2026-05-06,0.0045332317544199115,0.0,0.0,2.7740117028161
2026-05-07,-0.018457888670541017,0.0,0.0,2.722809303634743
2026-05-08,0.021650651144707232,0.0,0.0,2.781759898001302
2026-05-09,-0.0016163912680973564,0.0,0.0,2.777263485592229
2026-05-10,0.03154774583009409,0.0,0.0,2.864879888138894
2026-05-11,-0.012657943037042017,0.0,0.0,2.8286164017068645
2026-05-12,-0.019098605345883445,0.0,0.0,2.774593773375772
2026-05-13,-0.009179095869331008,0.0,0.0,2.749125511131507
2026-05-14,0.02284178341895928,0.0,0.0,2.811920440648309
2026-05-15,-0.023263368791104,0.0,0.0,2.746505698426264
2026-05-16,-0.021819537122453554,0.0,0.0,2.686578215382422
2026-05-17,-0.01600990489173449,0.0,0.0,2.643566353669944
2026-05-18,-0.008123197835896821,0.0,0.0,2.6220921411867626
2026-05-19,-0.00876317046950334,0.0,0.0,2.599114300766798
2026-05-20,0.0036947128180157304,0.0,0.0,2.608717281689329
2026-05-21,0.007139669020457091,0.0,0.0,2.627342659648537
2026-05-22,-0.0285224777352025,0.0,0.0,2.552404337135964
2026-05-23,0.01665874970265897,0.0,0.0,2.594924202128293
2026-05-24,-0.009175914783155763,0.0,0.0,2.5711133987808155
2026-05-25,0.002486699071300986,0.0,0.0,2.5775069840817735
2026-05-26,-0.015704887316824966,0.0,0.0,2.5370275273384397
2026-05-27,-0.011723845663325592,0.0,0.0,2.507283808164315
2026-05-28,-0.007419242074795325,0.0,0.0,2.4886816626413295
2026-05-29,0.0005034640544597686,0.0,0.0,2.4899346244014624
2026-05-30,0.006905277220723312,0.0,0.0,2.507128313244432
2026-05-31,-0.003911895556988383,0.0,0.0,2.4973206891350515
2026-06-01,-0.01903414146542151,0.0,0.0,2.449786333853531
2026-06-02,-0.07215416287596489,0.0,0.0,2.2730240517093505
2026-06-03,-0.01793449949518991,0.0,0.0,2.2322585030014146
2026-06-04,-0.03489771290855193,0.1551455741846517,0.00015514557418465168,2.1543577866259973
2026-06-05,-0.07229286470507923,0.0,0.0,1.9986130906311101
2026-06-06,-0.009587636078978185,0.0,0.0,1.9794511156554573
2026-06-07,0.047533314494023295,0.0,0.0,2.0735409880614535
2026-06-08,0.006759370254231882,0.0,0.0,2.087556819337087
2026-06-09,-0.019394554455151203,0.0,0.0,2.0470695849262315
2026-06-10,-0.0233501600575861,0.0,0.0,1.9992701824691876
2026-06-11,0.03499762207304734,0.0,0.0,2.0692398847371565
2026-06-12,0.0007910170180033309,0.0,0.0,2.070876688700315
2026-06-13,0.01847768888229405,0.0,0.0,2.1091417038677145
2026-06-14,0.026271961992141466,0.0,0.0,2.1645529945477677
2026-06-15,0.014235420937348978,0.0,0.0,2.1953663175663545
2026-06-16,-0.011155240197269718,0.0,0.0,2.170876478972906
2026-06-17,-0.020124678992049692,0.0,0.0,2.127188286702185
2026-06-18,-0.025719385730187852,0.0,0.0,2.0724783106357543
2026-06-19,0.00021691324455559052,0.0,0.0,2.0729278586303854
2026-06-20,0.009320268688439003,0.0,0.0,2.0922481032445712
2026-06-21,-0.017655983695193393,0.0,0.0,2.055307404847386
2026-06-22,0.0057346588024166055,0.0,0.0,2.0670938915482657
2026-06-23,-0.03447460462693892,0.0,0.0,1.9958316469103785
2026-06-24,-0.028860850283745354,0.0,0.0,1.9382302485573373
2026-06-25,-0.022637891528258333,0.0,0.0,1.894352802433707
2026-06-26,0.013479538736796862,0.0,0.0,1.919887804415272
2026-06-27,-0.006844302096205849,0.0,0.0,1.9067475122910325
2026-06-28,-0.0034189408882525974,0.0,0.0,1.9002284552576867
2026-06-29,0.012542936978471229,0.0,0.0,1.9240629010166816
2026-06-30,-0.02041753347671922,0.0,0.0,1.88477828232386
2026-07-01,0.021533990438936,0.0,0.0,1.9253650798349362
2026-07-02,0.030273167554155923,0.0,0.0,1.9836519794996998
2026-07-03,0.0425661462369355,0.0,0.0,2.0680883997422708
2026-07-04,0.011685396190508021,0.11525712763381196,0.00011525712763381196,2.092254832050253
2026-07-05,0.004612382828830559,0.0,0.0,2.1019051123111394
2026-07-06,-0.006498187695158217,0.0,0.0,2.0882465383739293
2026-07-07,-0.024391195699291268,0.0,0.0,2.037311708388083
2026-07-08,-0.019029922415298908,0.0,0.0,1.998541824641678
2026-07-09,0.005520456455474053,0.0,0.0,2.009574687759056
2026-07-10,0.020852495977209014,0.0,0.0,2.051479335851453
2026-07-11,-0.006865361244619828,0.0,0.0,2.03739518912496
2026-07-12,-0.00783571546133561,0.0,0.0,2.021430740140683
2026-07-13,-0.017089017298848173,0.0,0.0,1.9868864752539954
2026-07-14,0.043379920546170916,0.0,0.0,2.0730774526847755
2026-07-15,-0.0016837913021978132,0.0,0.0,2.0695868229011625
2026-07-16,-0.014911475253580915,0.0,0.0,2.0387262302063345
2026-07-17,0.002230019774821703,0.0,0.0,2.0432726300151423
2026-07-18,0.011654153422730544,0.0,0.0,2.0670852427298048
2026-07-19,-0.0015736746781949622,0.0,0.0,2.0638323230256503
2026-07-20,0.009589395193892486,0.0,0.0,2.0836232267850727
2026-07-21,0.013892145828715258,0.0,0.0,2.1125692245036696
2026-07-22,-0.001667770262421543,0.0,0.0,2.1090459443737353
2026-07-23,-0.024137211764701308,0.0,0.0,2.058139455792902
2026-07-24,-0.010990387670171749,0.0,0.0,2.0355197052944614
2026-07-25,0.00859519423541579,0.0,0.0,2.0530153925314836
2026-07-26,0.02113381719553213,0.0,0.0,2.0964034445368576
2026-07-27,-0.04106437003526468,0.0,0.0,2.0103159577471925
2026-07-28,0.00722781879029235,0.0,0.0,2.024846157201022
2026-07-29,-0.0039056172729226364,0.0,0.0,2.016937883074447
2026-07-30,0.010422980956800896,0.0,0.0,2.037960388220782
2026-07-31,-0.023119056494293,0.0,0.0,1.9908446668723745
2026-08-01,0.0027694938017987928,0.0,0.0,1.9963582988376218
2026-08-02,0.02198042841639471,0.0,0.0,2.040239109518698
2026-08-03,-0.0010255091871378863,0.09315803298660272,9.315803298660273e-05,2.0381468255679285
2026-08-04,0.008900231326810974,0.0,0.0,2.0562868037934883
2026-08-05,0.002105272536862185,0.0,0.0,2.060615847929427
2026-08-06,-0.007072409881798937,0.0,0.0,2.0460423280439395
2026-08-07,0.0029262738331003024,0.0,0.0,2.05202960816991
2026-08-08,0.004999076039661544,0.0,0.0,2.0622878602167884
2026-08-09,-0.009984314014544513,0.0,0.0,2.041697330632001
2026-08-10,-0.008842198073891961,0.0,0.0,2.0236442384276163
2026-08-11,0.0034174792349156266,0.0,0.0,2.030560000591299
2026-08-12,-0.013825038735607652,0.0,0.0,2.0024874299281485
2026-08-13,0.0016089192138080649,0.0,0.0,2.005709270429569
2026-08-14,-0.00941753057185338,0.0,0.0,1.9868204420570488
2026-08-15,-0.0008686869557566549,0.0,0.0,1.9850945170556031
2026-08-16,-0.003265364985164734,0.0,0.0,1.9786124589273673
2026-08-17,0.014248971151219009,0.0,0.0,2.0068056507740657
2026-08-18,-0.001679431261956828,0.0,0.0,2.0034353586274842
2026-08-19,0.0830741263775482,0.0,0.0,2.169869000799353
2026-08-20,0.06663515023797198,0.0,0.0,2.3144585476643362
2026-08-21,0.10909514998735342,0.0,0.0,2.566954750061289
2026-08-22,-0.011461508896017332,0.0,0.0,2.5375335753577875
2026-08-23,0.012917634653672468,0.0,0.0,2.5703125070056867
2026-08-24,-0.012271380737948645,0.0,0.0,2.538771223616709
2026-08-25,-0.028920388711886548,0.0,0.0,2.465348972979162
2026-08-26,0.012884031727787074,0.0,0.0,2.497112607367093
2026-08-27,0.008628513793151582,0.0,0.0,2.518658977942813
2026-08-28,-0.03337084731627587,0.0,0.0,2.434609193748116
2026-08-29,0.0017969191609700412,0.0,0.0,2.438983989657836
2026-08-30,-0.023214394420214453,0.0,0.0,2.3823644533373307
2026-08-31,0.015380645509311055,0.0,0.0,2.4190067564680957
2026-09-01,-0.003791411049199362,0.0,0.0,2.409835307523535
2026-09-02,-0.0010422723714067852,0.0,0.0,2.4073236027628626
2026-09-03,0.05578575767667134,0.0,0.0,2.541617973915923
2026-09-04,-0.02125975661143907,0.0,0.0,2.487583794391212
2026-09-05,0.02857618023763052,0.0,0.0,2.558669437255944
2026-09-06,0.015480106842530797,0.0,0.0,2.598277913519384
2026-09-07,0.001842678909854323,0.0,0.0,2.603065705432566
2026-09-08,0.014113008452633309,0.0,0.0,2.639802793736096
2026-09-09,-0.026353047371220288,0.0,0.0,2.570235945662089
2026-09-10,-0.026439912520592673,0.0,0.0,2.5022791321015005
2026-09-11,0.009247971573755774,0.0,0.0,2.5254201383847774
2026-09-12,0.002347670374518389,0.0,0.0,2.5313489924268757
2026-09-13,-0.013545118686274168,0.0,0.0,2.497061569888073
2026-09-14,0.017272031528298454,0.0,0.0,2.540190896051282
2026-09-15,-0.05041865442384704,0.0,0.0,2.41211788909267
2026-09-16,0.015950731454193495,0.0,0.0,2.4505929337774432
2026-09-17,0.019405725399263676,0.0,0.0,2.4981484673157044
2026-09-18,0.06882499556044111,0.0,0.0,2.6700835244880308
2026-09-19,0.004760172476261549,0.0,0.0,2.682793582590618
2026-09-20,0.0018163304552602701,0.0,0.0,2.6876664222798543
2026-09-21,0.07695553140718375,0.0,0.0,2.894497220051645
2026-09-22,0.008165219681611225,0.0,0.0,2.91813142572118
2026-09-23,-0.04275652459550287,0.0,0.0,2.7933622676444223
2026-09-24,0.04391244960478627,0.0,0.0,2.9160256474502693
2026-09-25,0.016273652211285378,0.0,0.0,2.9634800346760635
