feature_set,strategy,rebalance_days,transaction_cost,phi,cumulative_return,annualized_return,annualized_volatility,sharpe,sortino,max_drawdown,average_turnover,total_transaction_cost
market_only,equal_weight,1,0.001,0.5,0.5345856235399702,0.11732832769604218,0.6306338152169296,0.1860482658318644,0.2676557665845031,-0.7378495966238358,0.0,0.0
market_only,equal_weight,7,0.001,0.5,0.5345856235399702,0.11732832769604218,0.6306338152169296,0.1860482658318644,0.2676557665845031,-0.7378495966238358,0.0,0.0
market_only,equal_weight,30,0.001,0.5,0.5345856235399702,0.11732832769604218,0.6306338152169296,0.1860482658318644,0.2676557665845031,-0.7378495966238358,0.0,0.0
market_only,minimum_variance,1,0.001,0.5,1.1404794399430527,0.21791940508007657,0.5721499982664645,0.38087810144252776,0.5550119572778086,-0.6575018928147862,0.013599409976071782,0.019161568656285138
market_only,minimum_variance,7,0.001,0.5,1.1878812224652635,0.2248497000554357,0.5755821576157681,0.39064744638164217,0.5694187917762616,-0.6590100450672566,0.008138864900749962,0.011467660645156693
market_only,minimum_variance,30,0.001,0.5,1.432448396978212,0.2589376057506767,0.5767548824777855,0.4489560706244217,0.6497912791950953,-0.6699102627037298,0.005269060264948172,0.007424105913311975
market_only,paper_binary,1,0.001,0.5,0.9109108193938575,0.18264674607745301,0.5278254159337656,0.34603628503628653,0.49116908746061605,-0.5809987385967879,0.3609467707981004,0.5085740000545236
market_only,paper_binary,7,0.001,0.5,2.2420895120423574,0.3562154604329679,0.5375557887159944,0.6626576588149559,0.9275155827852936,-0.6297043907909403,0.06598531452504516,0.09297330816578864
market_only,paper_binary,30,0.001,0.5,2.0277636834312753,0.3323985538171228,0.5443532348652461,0.6106302535327224,0.8539922466351291,-0.5401608094098549,0.02082540699551673,0.029342998456683075
market_only,paper_binary_equal,1,0.001,0.5,-0.17396402283391155,-0.04830307346240492,0.6242959096970123,-0.07737208063055821,-0.11170237213511067,-0.757920568755413,0.6873736861671567,0.9685095238095237
market_only,paper_binary_equal,7,0.001,0.5,0.5454949926625436,0.11938057921443401,0.6304766419109431,0.18934972571322778,0.2662599758344221,-0.744188528374452,0.11818581229510966,0.16652380952380952
market_only,paper_binary_equal,30,0.001,0.5,-0.29831870939564076,-0.08768944682870561,0.6328645530716549,-0.13855958024998935,-0.1971018350691989,-0.7026772921188283,0.033515833586805904,0.04722380952380952
market_only,probability,1,0.001,0.5,1.849587755608039,0.31162842042201144,0.5484406151384208,0.5682081374359185,0.83242862893254,-0.6316054002761906,0.04509670564169426,0.06354125824914722
market_only,probability,7,0.001,0.5,1.948308904137762,0.32325151009650455,0.5528355240948121,0.5847155184641616,0.8572550453031741,-0.6338945439812234,0.016789795242144457,0.023656821496181542
market_only,probability,30,0.001,0.5,2.633011221770103,0.39680738418353845,0.5574748314854916,0.7117942582738203,1.0346677361920955,-0.6227437681708987,0.00732490838410792,0.010320795913208058
market_trends,equal_weight,1,0.001,0.5,0.5345856235399702,0.11732832769604218,0.6306338152169296,0.1860482658318644,0.2676557665845031,-0.7378495966238358,0.0,0.0
market_trends,equal_weight,7,0.001,0.5,0.5345856235399702,0.11732832769604218,0.6306338152169296,0.1860482658318644,0.2676557665845031,-0.7378495966238358,0.0,0.0
market_trends,equal_weight,30,0.001,0.5,0.5345856235399702,0.11732832769604218,0.6306338152169296,0.1860482658318644,0.2676557665845031,-0.7378495966238358,0.0,0.0
market_trends,minimum_variance,1,0.001,0.5,1.1404794399430527,0.21791940508007657,0.5721499982664645,0.38087810144252776,0.5550119572778086,-0.6575018928147862,0.013599409976071782,0.019161568656285138
market_trends,minimum_variance,7,0.001,0.5,1.1878812224652635,0.2248497000554357,0.5755821576157681,0.39064744638164217,0.5694187917762616,-0.6590100450672566,0.008138864900749962,0.011467660645156693
market_trends,minimum_variance,30,0.001,0.5,1.432448396978212,0.2589376057506767,0.5767548824777855,0.4489560706244217,0.6497912791950953,-0.6699102627037298,0.005269060264948172,0.007424105913311975
market_trends,paper_binary,1,0.001,0.5,0.7409061765016285,0.15444330856721455,0.5371959686614394,0.28749900888506186,0.40759610078841474,-0.595860704703292,0.3592820341386949,0.5062283861014212
market_trends,paper_binary,7,0.001,0.5,1.705174944762034,0.29407593879106053,0.5412920590406622,0.5432851524041467,0.7567264861962414,-0.6395601721824338,0.07112719611865227,0.10021821933118107
market_trends,paper_binary,30,0.001,0.5,2.193752690804775,0.3509482979454219,0.5472408743238442,0.6413049799670831,0.8984938488279666,-0.6017840956206211,0.02308297550851536,0.03252391249149815
market_trends,paper_binary_equal,1,0.001,0.5,-0.1184922837977832,-0.0321436978534807,0.6393689965443892,-0.05027409528333155,-0.07422798633433202,-0.75064631607409,0.6738314914326269,0.9494285714285714
market_trends,paper_binary_equal,7,0.001,0.5,1.216403676223882,0.22896632227366154,0.6552146021937928,0.3494524107170923,0.5183206983583479,-0.7397866739232417,0.12514447936733245,0.17632857142857145
market_trends,paper_binary_equal,30,0.001,0.5,0.1268696601044721,0.03142540666897631,0.63798995300616,0.049256898985481176,0.07021203218995926,-0.6900689372734758,0.03924093413092703,0.05529047619047619
market_trends,probability,1,0.001,0.5,1.92684505299939,0.3207492431202621,0.5492406309505974,0.5839867355864147,0.8565432200215449,-0.6300355529009384,0.04694374909734597,0.06614374247816049
market_trends,probability,7,0.001,0.5,2.0191294872161714,0.3314132383467643,0.5538516706681577,0.5983790532706216,0.8787540819045332,-0.6324089185379985,0.017091957042766896,0.024082567473258557
market_trends,probability,30,0.001,0.5,2.7030352380867857,0.40373240154812273,0.557569055017751,0.7240939896409232,1.0532641720426903,-0.6221768920140356,0.007423067642422777,0.010459102308173693
market_twitter,equal_weight,1,0.001,0.5,0.5345856235399702,0.11732832769604218,0.6306338152169296,0.1860482658318644,0.2676557665845031,-0.7378495966238358,0.0,0.0
market_twitter,equal_weight,7,0.001,0.5,0.5345856235399702,0.11732832769604218,0.6306338152169296,0.1860482658318644,0.2676557665845031,-0.7378495966238358,0.0,0.0
market_twitter,equal_weight,30,0.001,0.5,0.5345856235399702,0.11732832769604218,0.6306338152169296,0.1860482658318644,0.2676557665845031,-0.7378495966238358,0.0,0.0
market_twitter,minimum_variance,1,0.001,0.5,1.1404794399430527,0.21791940508007657,0.5721499982664645,0.38087810144252776,0.5550119572778086,-0.6575018928147862,0.013599409976071782,0.019161568656285138
market_twitter,minimum_variance,7,0.001,0.5,1.1878812224652635,0.2248497000554357,0.5755821576157681,0.39064744638164217,0.5694187917762616,-0.6590100450672566,0.008138864900749962,0.011467660645156693
market_twitter,minimum_variance,30,0.001,0.5,1.432448396978212,0.2589376057506767,0.5767548824777855,0.4489560706244217,0.6497912791950953,-0.6699102627037298,0.005269060264948172,0.007424105913311975
market_twitter,paper_binary,1,0.001,0.5,0.7436019010295405,0.15490612166191964,0.5276148405302001,0.2935969759801572,0.40585712152938686,-0.610792138429261,0.32652652333560217,0.46007587137986344
market_twitter,paper_binary,7,0.001,0.5,1.4823598017505732,0.26557912249406557,0.5365783651421651,0.49494936759833963,0.691680888252958,-0.6272868546796553,0.05975565794427617,0.08419572204348512
market_twitter,paper_binary,30,0.001,0.5,1.8257826348830006,0.30878114419814273,0.5475219536074323,0.5639612113517839,0.7998131586355032,-0.525840460919467,0.02002136572997427,0.028210104313533744
market_twitter,paper_binary_equal,1,0.001,0.5,-0.5369724747173172,-0.18082670102961151,0.6219574432470346,-0.2907380609283731,-0.4057975742324834,-0.792134559619114,0.608601169353476,0.8575190476190476
market_twitter,paper_binary_equal,7,0.001,0.5,0.472582097188903,0.10545438239740168,0.6173518506552006,0.1708173099108427,0.23718089039963106,-0.6769583940091763,0.10310588394335735,0.14527619047619048
market_twitter,paper_binary_equal,30,0.001,0.5,0.04668147397703448,0.011889141376954626,0.6544147219383745,0.018167594612998657,0.02701458466290999,-0.636919912400274,0.03387407482510392,0.047728571428571426
market_twitter,probability,1,0.001,0.5,1.824006952923706,0.3085680476274857,0.5485780403885051,0.5624870572816888,0.8233184342531519,-0.6314833048496318,0.04399056324762744,0.06198270361590706
market_twitter,probability,7,0.001,0.5,1.9309544834388608,0.3212293725909616,0.5530141355619194,0.5808700934281896,0.8506082682987632,-0.6330904977008573,0.016736082900339226,0.023581140806577968
market_twitter,probability,30,0.001,0.5,2.646603719821239,0.3981593006239754,0.5577729467131631,0.7138375982023566,1.037972498198846,-0.6230064723265712,0.00727222469500007,0.0102465645952551
market_twitter_trends,equal_weight,1,0.001,0.5,0.5345856235399702,0.11732832769604218,0.6306338152169296,0.1860482658318644,0.2676557665845031,-0.7378495966238358,0.0,0.0
market_twitter_trends,equal_weight,7,0.001,0.5,0.5345856235399702,0.11732832769604218,0.6306338152169296,0.1860482658318644,0.2676557665845031,-0.7378495966238358,0.0,0.0
market_twitter_trends,equal_weight,30,0.001,0.5,0.5345856235399702,0.11732832769604218,0.6306338152169296,0.1860482658318644,0.2676557665845031,-0.7378495966238358,0.0,0.0
market_twitter_trends,minimum_variance,1,0.001,0.5,1.1404794399430527,0.21791940508007657,0.5721499982664645,0.38087810144252776,0.5550119572778086,-0.6575018928147862,0.013599409976071782,0.019161568656285138
market_twitter_trends,minimum_variance,7,0.001,0.5,1.1878812224652635,0.2248497000554357,0.5755821576157681,0.39064744638164217,0.5694187917762616,-0.6590100450672566,0.008138864900749962,0.011467660645156693
market_twitter_trends,minimum_variance,30,0.001,0.5,1.432448396978212,0.2589376057506767,0.5767548824777855,0.4489560706244217,0.6497912791950953,-0.6699102627037298,0.005269060264948172,0.007424105913311975
market_twitter_trends,paper_binary,1,0.001,0.5,1.2342220691674983,0.23151815452319546,0.5383204324419446,0.43007498985869097,0.608397439545435,-0.611250020514714,0.33298030999537687,0.46916925678348603
market_twitter_trends,paper_binary,7,0.001,0.5,1.8526024772477534,0.31198774566158405,0.5433700214822521,0.5741718043452538,0.8138692913218867,-0.6502343306239464,0.06387940375489767,0.09000607989065082
market_twitter_trends,paper_binary,30,0.001,0.5,2.592271999489598,0.39273286229687,0.5535341196110477,0.7095007306375837,1.0244995951779703,-0.5911740282019154,0.020271616578112748,0.028562707758560863
market_twitter_trends,paper_binary_equal,1,0.001,0.5,0.14101838277309287,0.03476468812541289,0.6463035899893639,0.05379002788145584,0.07918235779582333,-0.7444460033819924,0.6334887965122173,0.8925857142857143
market_twitter_trends,paper_binary_equal,7,0.001,0.5,1.6044177361850953,0.2814138526159522,0.6355624298985737,0.44277924461466617,0.6449697759441656,-0.6762154483250702,0.11039913481361315,0.15555238095238094
market_twitter_trends,paper_binary_equal,30,0.001,0.5,0.4058868899889454,0.09226091663581992,0.643155810510806,0.14345033525009226,0.21076387564896654,-0.6729863190661629,0.036510189597485546,0.051442857142857144
market_twitter_trends,probability,1,0.001,0.5,1.9265999646602134,0.32072059219625904,0.5493154965115444,0.5838549872213895,0.8557585935572265,-0.6299199493704072,0.04575797258350231,0.06447298337015475
market_twitter_trends,probability,7,0.001,0.5,2.0157329085171343,0.3310250560055299,0.5539821857310216,0.5975373658788633,0.8768983880651143,-0.6320616812137785,0.01697058110038467,0.023911548770442007
market_twitter_trends,probability,30,0.001,0.5,2.6726855845295674,0.4007429944579035,0.5572418066598404,0.7191545746719805,1.0462564447468263,-0.6222511341380539,0.007401252571335509,0.010428364873011733
