strategy,rebalance_frequency,cumulative_return,annualized_return,annualized_volatility,sharpe,sortino,max_drawdown,average_turnover,total_transaction_cost,phi
equal_weight,1,0.9149777637732865,0.17983131420836318,0.630691246595076,0.2851336770237762,0.411071755886048,-0.7378495966238358,0.0,0.0,0.5
minimum_variance,1,1.6445025080059072,0.2808562336906586,0.5697860404952751,0.4929152589391799,0.7211358505906127,-0.6575018928147871,0.013595258776926307,0.019495601086112327,0.5
paper_binary,1,0.9736415652665682,0.18892772752253162,0.537542926276698,0.3514653775302065,0.5032821906276168,-0.5958607047032927,0.3580631734390189,0.5134625907115531,0.5
paper_binary_equal,1,0.10194726925560582,0.02501756759234075,0.6562517842844192,0.03812190410974661,0.05745731674861003,-0.750646316074091,0.6721292422129241,0.9638333333333333,0.5
probability,1,2.1467663103563432,0.3388219713328253,0.5436579166604214,0.6232264093828319,0.9160482484804544,-0.6300355529009382,0.04618220839042219,0.06622528683186543,0.5
equal_weight,7,0.9149777637732865,0.17983131420836318,0.630691246595076,0.2851336770237762,0.411071755886048,-0.7378495966238358,0.0,0.0,0.5
minimum_variance,7,1.7297952768806595,0.29124721911755347,0.5736171681809225,0.5077379745121092,0.7433887178782526,-0.6590100450672567,0.008049853442083423,0.011543489835947628,0.5
paper_binary,7,1.6532656460519188,0.2819352401855735,0.5385160915837867,0.5235409760113133,0.7274849371779372,-0.6395601721824336,0.07049668362932805,0.10109224432445645,0.5
paper_binary_equal,7,1.0452638796147844,0.19976418719145705,0.6624063079967522,0.30157349768540626,0.4435141695805871,-0.7397866739232413,0.12475592747559275,0.1789,0.5
probability,7,2.224246630281784,0.34713665967595664,0.5481788043099237,0.6332544362289791,0.9309972456360146,-0.6324089185379979,0.016297646775819994,0.023370825476525872,0.5
equal_weight,30,0.9149777637732865,0.17983131420836318,0.630691246595076,0.2851336770237762,0.411071755886048,-0.7378495966238358,0.0,0.0,0.5
minimum_variance,30,1.9634800346760786,0.31852714127223103,0.5756939076060087,0.5532925345637382,0.8036977758870506,-0.6699102627037288,0.0050941737101721785,0.007305045100386905,0.5
paper_binary,30,2.379325121274737,0.36334120785617086,0.5397774452902336,0.6731315119341554,0.9447263964704811,-0.6017840956206219,0.022680552644001494,0.03252391249149815,0.5
paper_binary_equal,30,0.23350306718482994,0.05486814252725791,0.6337379208290576,0.08657860090726348,0.12338242026204589,-0.6900689372734758,0.03935378893537889,0.05643333333333333,0.5
probability,30,2.996002524273057,0.4227659825398342,0.5511256340004054,0.7670954796116837,1.1186224918888266,-0.6221768920140356,0.006732896405745238,0.00965497344583867,0.5
