configuration,year,days,cumulative_return,annualized_return,annualized_volatility,sharpe,sortino,max_drawdown,average_turnover,total_transaction_cost
Binary_Baseline,2022,70,-0.1202450903303589,-0.4872732182792011,0.6215685435264277,-0.7839412456664699,-0.6800381493411759,-0.26976519831549506,0.02857142857142857,0.002
CryptoTrack_Probability,2022,70,-0.10347113129622976,-0.43420826932212264,0.6815575923485496,-0.6370822865106722,-0.7413549976465098,-0.27522089463297206,0.0013681317499699855,9.576922249789909e-05
Equal_Weight,2022,70,-0.07927462811267505,-0.3499239744881034,0.8022166535237163,-0.4361963478956355,-0.5430403945611303,-0.3025114366729159,0.0,0.0
Minimum_Variance,2022,70,-0.0885352249378012,-0.3833023689331645,0.7663793097603393,-0.5001470734550886,-0.6116794207981218,-0.2975639683979445,0.004395017271934756,0.0003076512090353
Binary_Baseline,2023,365,1.0290856538098287,1.0290856538098287,0.4807334216394012,2.140657602503342,3.2257534501958878,-0.26074510301672615,0.022565022679467153,0.0082362332780049
CryptoTrack_Probability,2023,365,1.2434700779191825,1.2434700779191825,0.4516306663429143,2.7532897355890356,4.285994284203679,-0.24974822773216865,0.006305452180638769,0.0023014900459326837
Equal_Weight,2023,365,0.8936699905711372,0.8936699905711372,0.5045468586400649,1.771232890003317,2.755447582992997,-0.30299428443253185,0.0,0.0
Minimum_Variance,2023,365,1.202760997171639,1.202760997171639,0.48019712240317114,2.5047234584671396,3.941492784087198,-0.2630403103151756,0.006500495106200992,0.0023726807137629054
Binary_Baseline,2024,366,1.3695064975779165,1.363928020162867,0.6193319615158314,2.2022567942797866,3.334691512877259,-0.3553495958752745,0.026359615635752467,0.0096476193226849
CryptoTrack_Probability,2024,366,1.7321778189225308,1.7246850810201177,0.6333292057610045,2.723204717754563,4.184605048973283,-0.353638253521253,0.012321732614078349,0.004509754136752097
Equal_Weight,2024,366,1.0034254436185601,0.9996255079719634,0.6432707152683135,1.5539732872108307,2.2592503810191085,-0.44578205921024705,0.0,0.0
Minimum_Variance,2024,366,1.2824334450253225,1.2772929028243336,0.6144255172488265,2.0788409123103895,3.0669256901675697,-0.40398762352049544,0.005745251347265642,0.0021027619930988877
Binary_Baseline,2025,365,-0.16277585095538016,-0.16277585095538016,0.5248842798683063,-0.3101175958179214,-0.43827323358753256,-0.39527095951942015,0.01687858612464217,0.0061606839354938995
CryptoTrack_Probability,2025,365,-0.20955013157204672,-0.20955013157204672,0.5518630035623463,-0.3797140417447334,-0.5495716134672588,-0.38991312725227834,0.0014745515216712567,0.0005382113054100094
Equal_Weight,2025,365,-0.3737765631635904,-0.3737765631635904,0.7224460231701496,-0.5173764560616303,-0.7423737400704665,-0.5080783015029506,0.0,0.0
Minimum_Variance,2025,365,-0.2819901616690925,-0.2819901616690925,0.6015275908571373,-0.4687900704060392,-0.6783085571281655,-0.4406166281409174,0.00440937008074109,0.0016094200794701523
Binary_Baseline,2026,268,-0.045736645015428956,-0.061769891280689326,0.49504542443336086,-0.1247762088729381,-0.1692438997592637,-0.4713618776586548,0.024176775952659855,0.0064793759553123005
CryptoTrack_Probability,2026,268,-0.08006339312950939,-0.1074338245209322,0.5134629714609561,-0.20923383085493147,-0.3115378548113071,-0.4654382135510905,0.008245331101660203,0.0022097487352446994
Equal_Weight,2026,268,-0.1245591149944607,-0.16571125426809752,0.583798323080455,-0.28385017174031923,-0.44927099041604796,-0.5370599581796242,0.0,0.0
Minimum_Variance,2026,268,-0.09932891461128013,-0.13279473686479626,0.5469011515158014,-0.2428130503962917,-0.37191341151046864,-0.5011799134069809,0.0034049668097700936,0.0009125311050182614
