strategy,phi,rebalance_frequency,cumulative_return,annualized_return,annualized_volatility,sharpe,sortino,max_drawdown,average_turnover,total_transaction_cost
paper_binary,0.25,7,2.3970044487185245,0.3651531274055517,0.5067395778577726,0.7205932659715003,1.0176900167740928,-0.5932617392331143,0.05079241540576546,0.07283632369186768
paper_binary,0.5,7,1.6532656460519188,0.2819352401855735,0.5385160915837867,0.5235409760113133,0.7274849371779372,-0.6395601721824336,0.07049668362932805,0.10109224432445645
paper_binary,0.75,7,1.2398058726442054,0.2278350304686947,0.5882471231344661,0.38731176321726674,0.5390270140169547,-0.6811909374248681,0.09261694109031489,0.13281269352351155
paper_binary,0.25,30,4.109093056096698,0.5145956901172382,0.5100924846128688,1.0088282137851667,1.4322117703080115,-0.5579108045002932,0.01652829300230362,0.023701572165303386
paper_binary,0.5,30,2.379325121274737,0.36334120785617086,0.5397774452902336,0.6731315119341554,0.9447263964704811,-0.6017840956206219,0.022680552644001494,0.03252391249149815
paper_binary,0.75,30,1.0218195444742344,0.19624864599128,0.574855521625621,0.3413877724202994,0.4730746467868452,-0.6404666395794637,0.030358956248352057,0.04353474326013686
probability,0.25,7,3.2679052492686855,0.4468060439513577,0.518972115993287,0.860944220666255,1.285877246435412,-0.596191142423885,0.018247439210788,0.02616682782826999
probability,0.5,7,2.224246630281784,0.34713665967595664,0.5481788043099237,0.6332544362289791,0.9309972456360146,-0.6324089185379979,0.016297646775819994,0.023370825476525872
probability,0.75,7,1.6249718809386366,0.27844179976288763,0.5854048804374008,0.4756396966742786,0.6913721326479823,-0.6703756125281269,0.012749976410788861,0.018283466173071226
probability,0.25,30,4.3527450136069,0.5326627868120488,0.5184250631451237,1.0274634169508496,1.5068144192553088,-0.5843376672829794,0.008190561448141266,0.011745265116634575
probability,0.5,30,2.996002524273057,0.4227659825398342,0.5511256340004054,0.7670954796116837,1.1186224918888266,-0.6221768920140356,0.006732896405745238,0.00965497344583867
probability,0.75,30,1.8606018945108613,0.3067225160945102,0.5862593780649235,0.5231856880599753,0.756390218578001,-0.673150461478419,0.00440769431126205,0.00632063364234978
