experiment,asset,accuracy,precision,recall,f1,roc_auc,brier,log_loss,ece
market_only,ADA,0.5255319148936171,0.5022321428571429,0.3353204172876304,0.40214477211796246,0.523166400803438,0.24967645638572056,0.6925363382991805,0.020865459625383036
market_only,BTC,0.4808510638297872,0.47897897897897895,0.453125,0.4656934306569343,0.49112115310327065,0.25189506904616266,0.6969429285805927,0.05118480904953423
market_only,DOGE,0.5070921985815603,0.4885057471264368,0.3733528550512445,0.42323651452282157,0.5103022711115497,0.2517521210914839,0.6969312775183958,0.03312049698575756
market_only,DOT,0.5106382978723404,0.4657142857142857,0.24474474474474475,0.32086614173228345,0.5054671607090961,0.2505066538550601,0.6942003010176485,0.023013351997753617
market_only,ETH,0.49361702127659574,0.5018820577164367,0.5578800557880056,0.5284015852047557,0.48525703337418824,0.25214237181680854,0.6974667815878783,0.0338828138652053
market_only,LTC,0.5063829787234042,0.512118018967334,0.6759388038942976,0.5827338129496403,0.5046464678994181,0.2509720493569449,0.6949861683812658,0.036963314719222165
market_only,XRP,0.5269503546099291,0.5151515151515151,0.4949053857350801,0.5048255382331106,0.5275910457196583,0.25098193003467395,0.695433657915053,0.020118524502940535
market_trends,ADA,0.5255319148936171,0.502283105022831,0.32786885245901637,0.39675383228133454,0.5366014007731881,0.24925503975903243,0.6918766139637685,0.0292636221476845
market_trends,BTC,0.48723404255319147,0.48408710217755446,0.41051136363636365,0.44427363566487316,0.4916543265516353,0.2515468992734555,0.6962226296525621,0.04413486069186647
market_trends,DOGE,0.5184397163120568,0.5036496350364964,0.404099560761347,0.44841592201462227,0.5387007316616352,0.24904836808364295,0.6914063621330139,0.03230097290944375
market_trends,DOT,0.5170212765957447,0.48,0.2702702702702703,0.345821325648415,0.5183792663631372,0.2505443384966058,0.694359027839364,0.023558954744390986
market_trends,ETH,0.5035460992907801,0.5109114249037228,0.5550906555090656,0.5320855614973262,0.4985479420625864,0.25211476852536463,0.6974379877560223,0.0326944510800271
market_trends,LTC,0.5070921985815603,0.5136986301369864,0.6258692628650904,0.5642633228840125,0.5229002332794583,0.2505873204059839,0.6943016690947134,0.044307657745694944
market_trends,XRP,0.5304964539007092,0.5180897250361794,0.5211062590975255,0.5195936139332366,0.541847107213394,0.24985038734246842,0.6931412417489602,0.031382823371570785
market_twitter,ADA,0.5141843971631206,0.48616600790513836,0.36661698956780925,0.4180118946474087,0.5144725723931118,0.2510347617693632,0.6953390656216059,0.02767921471894602
market_twitter,BTC,0.48723404255319147,0.48558421851289835,0.45454545454545453,0.46955245781364635,0.49577988185681177,0.25152695242725526,0.6962284946544768,0.0415966471832597
market_twitter,DOGE,0.5148936170212766,0.49907578558225507,0.3953147877013177,0.4411764705882353,0.5214312614668275,0.2497797368301143,0.692717875798398,0.024456832087731244
market_twitter,DOT,0.49929078014184397,0.4489795918367347,0.26426426426426425,0.332703213610586,0.5021937259840485,0.2504559563478856,0.6940786074193824,0.029438175169634744
market_twitter,ETH,0.49858156028368794,0.5055555555555555,0.6345885634588564,0.5627705627705628,0.5065800463290002,0.25122273256336086,0.6958601974973041,0.037864157584418974
market_twitter,LTC,0.5035460992907801,0.5107344632768361,0.6286509040333796,0.5635910224438903,0.4964736357982324,0.25178657945287614,0.6967811335094533,0.036189188188402444
market_twitter,XRP,0.5134751773049645,0.5007320644216691,0.4978165938864629,0.4992700729927007,0.5292238187561531,0.250326751927267,0.6939630836448737,0.03340687928756882
market_twitter_trends,ADA,0.5326241134751774,0.5134529147982063,0.3412816691505216,0.41002685765443153,0.5275687732042132,0.2492841403321196,0.6917001717450876,0.02149916289061316
market_twitter_trends,BTC,0.4836879432624113,0.4818181818181818,0.45170454545454547,0.4662756598240469,0.49105777588204996,0.2513856532232017,0.6959285602450285,0.04634769144233835
market_twitter_trends,DOGE,0.5120567375886524,0.4958813838550247,0.4407027818448023,0.4666666666666667,0.537160073387696,0.24827043416854294,0.6896109660550503,0.03658050844263869
market_twitter_trends,DOT,0.5184397163120568,0.4818941504178273,0.25975975975975973,0.3375609756097561,0.5214872130194711,0.24985919627103076,0.692910672632568,0.01549228515496879
market_twitter_trends,ETH,0.5078014184397163,0.5143929912390488,0.5732217573221757,0.5422163588390502,0.5152561679758332,0.25094780959546414,0.6952787944212464,0.034880705677618806
market_twitter_trends,LTC,0.5014184397163121,0.5088495575221239,0.6397774687065368,0.5668515095502157,0.5065686584317743,0.2515272345611593,0.6962285260876708,0.04115563790822391
market_twitter_trends,XRP,0.5319148936170213,0.5177865612648221,0.5720524017467249,0.5435684647302904,0.5516024731176301,0.24889997352840368,0.6910989499938848,0.025131239297317864
