file,configuration,year,focus_configuration,days,cumulative_return,annualized_return,annualized_volatility,sharpe,sortino,max_drawdown,average_turnover,total_transaction_cost
paper_binary_equal_rebalance_1d.csv,paper_binary_equal_rebalance_1d,2022,False,70,0.08272952377196319,0.5135509138439105,1.0867034421850592,0.4725768723169792,0.7421379898790885,-0.35103669919449776,0.589795918367347,0.0412857142857134
minimum_variance_rebalance_7d.csv,minimum_variance_rebalance_7d,2022,False,70,-0.07001879552291257,-0.3151186791429982,0.7498322335375056,-0.42025224450055115,-0.5169099195715026,-0.28590571153792477,0.007825292098483377,0.0005477704468937816
equal_weight_rebalance_1d.csv,equal_weight_rebalance_1d,2022,False,70,-0.07927462811267505,-0.3499239744881034,0.8022166535237163,-0.4361963478956355,-0.5430403945611303,-0.3025114366729159,0.0,0.0
equal_weight_rebalance_30d.csv,equal_weight_rebalance_30d,2022,False,70,-0.07927462811267505,-0.3499239744881034,0.8022166535237163,-0.4361963478956355,-0.5430403945611303,-0.3025114366729159,0.0,0.0
equal_weight_rebalance_7d.csv,equal_weight_rebalance_7d,2022,False,70,-0.07927462811267505,-0.3499239744881034,0.8022166535237163,-0.4361963478956355,-0.5430403945611303,-0.3025114366729159,0.0,0.0
equal_weight_backtest.csv,equal_weight_backtest,2022,False,70,-0.07927462811267527,-0.3499239744881042,0.8022166535237162,-0.4361963478956365,-0.5430403945611318,-0.3025114366729159,0.0,0.0
probability_backtest.csv,probability_backtest,2022,False,70,-0.07726630951379987,-0.34249621825219956,0.7842101205570234,-0.4367403700540423,-0.5343704239624754,-0.2765938205142795,0.04081632653061224,0.0028571428571428003
paper_binary_backtest.csv,paper_binary_backtest,2022,False,70,-0.08246264495328504,-0.36157545365873933,0.7824554521198512,-0.4621035647194336,-0.5642297895789233,-0.2791858922208843,0.04081632653061224,0.0028571428571428003
paper_binary_equal_rebalance_30d.csv,paper_binary_equal_rebalance_30d,2022,False,70,-0.08246264495328504,-0.36157545365873933,0.7824554521198512,-0.4621035647194336,-0.5642297895789233,-0.2791858922208843,0.04081632653061224,0.0028571428571428003
minimum_variance_rebalance_1d.csv,minimum_variance_rebalance_1d,2022,False,70,-0.08248382279698696,-0.3616522855039289,0.7440752800628699,-0.48604260240089076,-0.5897814049524496,-0.2850506094041232,0.012686975471542626,0.000888088283007912
minimum_variance_backtest.csv,minimum_variance_backtest,2022,False,70,-0.0885352249378012,-0.3833023689331645,0.7663793097603394,-0.5001470734550885,-0.6116794207981217,-0.2975639683979445,0.004395017271934756,0.0003076512090353
minimum_variance_rebalance_30d.csv,minimum_variance_rebalance_30d,2022,False,70,-0.0885352249378012,-0.3833023689331645,0.7663793097603393,-0.5001470734550886,-0.6116794207981218,-0.2975639683979445,0.004395017271934756,0.0003076512090353
probability_cost_0.0000_rebalance_30d.csv,probability_cost_0.0000_rebalance_30d,2022,False,70,-0.10338721834461129,-0.43393208323809107,0.681575703804447,-0.6366601403423733,-0.7408834452875535,-0.27522089463297206,0.0013681317499699855,0.0
probability_cost_0.0005_rebalance_30d.csv,probability_cost_0.0005_rebalance_30d,2022,False,70,-0.1034291753047224,-0.4340701914910695,0.6815666437402543,-0.6368712369916009,-0.7411192474378019,-0.27522089463297206,0.0013681317499699855,4.7884611248949545e-05
probability_cost_0.0010_rebalance_30d.csv,probability_cost_0.0010_rebalance_30d,2022,False,70,-0.10347113129622976,-0.43420826932212264,0.6815575923485496,-0.6370822865106722,-0.7413549976465098,-0.27522089463297206,0.0013681317499699855,9.576922249789909e-05
probability_rebalance_30d.csv,probability_rebalance_30d,2022,False,70,-0.10347113129622976,-0.43420826932212264,0.6815575923485496,-0.6370822865106722,-0.7413549976465098,-0.27522089463297206,0.0013681317499699855,9.576922249789909e-05
probability_cost_0.0025_rebalance_30d.csv,probability_cost_0.0025_rebalance_30d,2022,False,70,-0.10359699345912943,-0.43462232034354564,0.6815304902118174,-0.637715152272155,-0.7420619367255187,-0.27522089463297206,0.0013681317499699855,0.0002394230562447
probability_cost_0.0050_rebalance_30d.csv,probability_cost_0.0050_rebalance_30d,2022,False,70,-0.10380674435855197,-0.43531179749886273,0.6814854934658807,-0.6387689858003662,-0.7432391306459739,-0.27522089463297206,0.0013681317499699855,0.0004788461124894
probability_cost_0.0100_rebalance_30d.csv,probability_cost_0.0100_rebalance_30d,2022,False,70,-0.10422617351211161,-0.4366884749463903,0.681396150685715,-0.6408731169187468,-0.7455896310347969,-0.27522089463297206,0.0013681317499699855,0.0009576922249789
probability_rebalance_1d.csv,probability_rebalance_1d,2022,False,70,-0.10694424767389787,-0.4455443151493268,0.6881372176361641,-0.6474643482877241,-0.7508569794023219,-0.27922234070747076,0.033342146536072946,0.0023339502575250256
probability_cost_0.0000_rebalance_7d.csv,probability_cost_0.0000_rebalance_7d,2022,False,70,-0.11295187504018156,-0.46471911383039244,0.6880692335370955,-0.675395863060833,-0.7780297169583795,-0.28058998027168747,0.00480647935214145,0.0
probability_cost_0.0005_rebalance_7d.csv,probability_cost_0.0005_rebalance_7d,2022,False,70,-0.11310339332631747,-0.46519569635599545,0.6880871513892665,-0.6760708951137263,-0.778827891602622,-0.28060770362592824,0.00480647935214145,0.00016822677732495093
probability_cost_0.0010_rebalance_7d.csv,probability_cost_0.0010_rebalance_7d,2022,False,70,-0.11325488906097225,-0.46567186502227687,0.6881050935894705,-0.6767452666178064,-0.7796253243839415,-0.2806254269801691,0.00480647935214145,0.00033645355464990187
probability_rebalance_7d.csv,probability_rebalance_7d,2022,False,70,-0.11325488906097225,-0.46567186502227687,0.6881050935894705,-0.6767452666178064,-0.7796253243839415,-0.2806254269801691,0.00480647935214145,0.00033645355464990187
paper_binary_rebalance_1d.csv,paper_binary_rebalance_1d,2022,False,70,-0.1309951196283684,-0.5191114802860614,0.7655540333465322,-0.6780860104894553,-0.7882617805060546,-0.35819952215064566,0.324857908863154,0.02274005362041989
probability_cost_0.0025_rebalance_7d.csv,probability_cost_0.0025_rebalance_7d,2022,False,70,-0.11370924098476043,-0.4670978913671311,0.6881590662592237,-0.6787644227463818,-0.7820131758867898,-0.28067859704289155,0.00480647935214145,0.0008411338866245905
probability_cost_0.0050_rebalance_7d.csv,probability_cost_0.0050_rebalance_7d,2022,False,70,-0.1144660434293967,-0.46946635739701703,0.6882495074912452,-0.6821165177557192,-0.7859781315779034,-0.2807672138140962,0.00480647935214145,0.0016822677732490554
probability_cost_0.0100_rebalance_7d.csv,probability_cost_0.0100_rebalance_7d,2022,False,70,-0.11597795925352039,-0.47417252906182406,0.6884322145240561,-0.6887715581259379,-0.7938527494276372,-0.2809444473565048,0.00480647935214145,0.0033645355464986004
paper_binary_cost_0.0000_rebalance_7d.csv,paper_binary_cost_0.0000_rebalance_7d,2022,False,70,-0.12888355626623915,-0.5129873439804334,0.7127788937604067,-0.7197005249048085,-0.7034917556860416,-0.3350103534683766,0.076431649563798,0.0
paper_binary_cost_0.0005_rebalance_7d.csv,paper_binary_cost_0.0005_rebalance_7d,2022,False,70,-0.1312447044551991,-0.5198312148666887,0.7130334316885365,-0.7290418538099608,-0.7185215890850895,-0.3352400173765867,0.076431649563798,0.0026751077347327
paper_binary_cost_0.0010_rebalance_7d.csv,paper_binary_cost_0.0010_rebalance_7d,2022,False,70,-0.1336004937805878,-0.5265818764897297,0.7132958358876802,-0.738237698856619,-0.7284385983727558,-0.3354696812847968,0.076431649563798,0.0053502154694657
paper_binary_rebalance_7d.csv,paper_binary_rebalance_7d,2022,False,70,-0.1336004937805878,-0.5265818764897297,0.7132958358876802,-0.738237698856619,-0.7284385983727558,-0.3354696812847968,0.076431649563798,0.0053502154694657
paper_binary_equal_rebalance_7d.csv,paper_binary_equal_rebalance_7d,2022,False,70,-0.221692063718966,-0.7293346841173731,0.9702965935539785,-0.7516615939524058,-0.9586917785920558,-0.4345088908688012,0.13197278911564628,0.0092380952380949
paper_binary_cost_0.0025_rebalance_7d.csv,paper_binary_cost_0.0025_rebalance_7d,2022,False,70,-0.14063580711421175,-0.5462868195615709,0.7141301580986023,-0.7649681411244129,-0.7574291139861251,-0.33615867300942726,0.076431649563798,0.013375538673664502
paper_binary_cost_0.0000_rebalance_30d.csv,paper_binary_cost_0.0000_rebalance_30d,2022,False,70,-0.11848910183027717,-0.48191441965134685,0.6216416935098943,-0.7752285998231174,-0.6633701039347943,-0.26976519831549506,0.02857142857142857,0.0
paper_binary_cost_0.0005_rebalance_30d.csv,paper_binary_cost_0.0005_rebalance_30d,2022,False,70,-0.11936731491855668,-0.48460011574910944,0.6216030528782246,-0.7795973869582092,-0.6760033156694165,-0.26976519831549506,0.02857142857142857,0.001
paper_binary_cost_0.0010_rebalance_30d.csv,paper_binary_cost_0.0010_rebalance_30d,2022,False,70,-0.1202450903303589,-0.4872732182792011,0.6215685435264277,-0.7839412456664699,-0.6800381493411759,-0.26976519831549506,0.02857142857142857,0.002
paper_binary_rebalance_30d.csv,paper_binary_rebalance_30d,2022,False,70,-0.1202450903303589,-0.4872732182792011,0.6215685435264277,-0.7839412456664699,-0.6800381493411759,-0.26976519831549506,0.02857142857142857,0.002
paper_binary_cost_0.0025_rebalance_30d.csv,paper_binary_cost_0.0025_rebalance_30d,2022,False,70,-0.12287579050690145,-0.4952174916460651,0.621489809620245,-0.7968231883780406,-0.6920252209897891,-0.2698023668485434,0.02857142857142857,0.005
paper_binary_cost_0.0050_rebalance_7d.csv,paper_binary_cost_0.0050_rebalance_7d,2022,False,70,-0.15225506965706814,-0.5773758951150203,0.7156771624624838,-0.8067546729148097,-0.8092184188041398,-0.3373069925504777,0.076431649563798,0.0267510773473291
paper_binary_cost_0.0050_rebalance_30d.csv,paper_binary_cost_0.0050_rebalance_30d,2022,False,70,-0.12725153727159033,-0.5082109671268847,0.6214412600742487,-0.8177940535621413,-0.7116087344557496,-0.2734451347670033,0.02857142857142857,0.01
paper_binary_cost_0.0100_rebalance_30d.csv,paper_binary_cost_0.0100_rebalance_30d,2022,False,70,-0.13597020506516022,-0.5332948371333928,0.6216542093246868,-0.8578641134155911,-0.7605518071962202,-0.28070334348840864,0.02857142857142857,0.02
paper_binary_cost_0.0100_rebalance_7d.csv,paper_binary_cost_0.0100_rebalance_7d,2022,False,70,-0.17509950953944775,-0.6334832236983561,0.7193531801177813,-0.880628933335131,-0.8953866633977662,-0.3396036316325789,0.076431649563798,0.053502154694658396
probability_cost_0.0000_rebalance_7d.csv,probability_cost_0.0000_rebalance_7d,2023,False,365,1.4370118447087346,1.4370118447087346,0.4983558439959243,2.883505555360733,4.79202295154341,-0.25471772005623106,0.02124493792670388,0.0
probability_cost_0.0005_rebalance_7d.csv,probability_cost_0.0005_rebalance_7d,2023,False,365,1.4276475839638563,1.4276475839638563,0.4983203842422496,2.8649190944391125,4.7620685585321185,-0.25484770423104364,0.02124493792670388,0.0038772011716229314
probability_cost_0.0010_rebalance_7d.csv,probability_cost_0.0010_rebalance_7d,2023,False,365,1.4183176374026476,1.4183176374026476,0.4982862578326077,2.846391236177963,4.73219464845596,-0.2549776726268286,0.02124493792670388,0.007754402343245823
probability_rebalance_7d.csv,probability_rebalance_7d,2023,False,365,1.4183176374026476,1.4183176374026476,0.4982862578326077,2.846391236177963,4.73219464845596,-0.2549776726268286,0.02124493792670388,0.007754402343245823
probability_rebalance_1d.csv,probability_rebalance_1d,2023,False,365,1.370796918127951,1.370796918127951,0.48728114651746185,2.8131540239651525,4.722099236823394,-0.2500034430318906,0.056387586944759725,0.02058146923483516
probability_cost_0.0025_rebalance_7d.csv,probability_cost_0.0025_rebalance_7d,2023,False,365,1.3905324855422987,1.3905324855422987,0.49819188135439435,2.7911584624020156,4.643055716032473,-0.25536748315475855,0.02124493792670388,0.01938600585811562
probability_cost_0.0000_rebalance_30d.csv,probability_cost_0.0000_rebalance_30d,2023,False,365,1.2486607422415066,1.2486607422415066,0.45159962993025354,2.7649729084905443,4.304429145452885,-0.24968518000086648,0.006305452180638769,0.0
probability_cost_0.0005_rebalance_30d.csv,probability_cost_0.0005_rebalance_30d,2023,False,365,1.2460641275873794,1.2460641275873794,0.451614939129974,2.759129558441742,4.295213339132631,-0.24971670419119618,0.006305452180638769,0.001150745022966356
probability_cost_0.0010_rebalance_30d.csv,probability_cost_0.0010_rebalance_30d,2023,False,365,1.2434700779191825,1.2434700779191825,0.4516306663429143,2.7532897355890356,4.285994284203679,-0.24974822773216865,0.006305452180638769,0.0023014900459326837
probability_rebalance_30d.csv,probability_rebalance_30d,2023,False,365,1.2434700779191825,1.2434700779191825,0.4516306663429143,2.7532897355890356,4.285994284203679,-0.24974822773216865,0.006305452180638769,0.0023014900459326837
probability_cost_0.0025_rebalance_30d.csv,probability_cost_0.0025_rebalance_30d,2023,False,365,1.2357032973937176,1.2357032973937176,0.4516803556186029,2.7357915437817724,4.258318439824659,-0.24984279445894397,0.006305452180638769,0.005753725114832286
probability_cost_0.0050_rebalance_30d.csv,probability_cost_0.0050_rebalance_30d,2023,False,365,1.2228097630548218,1.2228097630548218,0.4517715270399579,2.7066994926988124,4.212134659819931,-0.2500003926830999,0.006305452180638769,0.0115074502296651
probability_cost_0.0050_rebalance_7d.csv,probability_cost_0.0050_rebalance_7d,2023,False,365,1.3448990678463817,1.3448990678463817,0.4980612775810402,2.7002682769843545,4.496099558176514,-0.25601685192500145,0.02124493792670388,0.03877201171623265
probability_cost_0.0100_rebalance_30d.csv,probability_cost_0.0100_rebalance_30d,2023,False,365,1.1972133591391612,1.1972133591391612,0.45198518107293817,2.6487889631628505,4.11958890055623,-0.25031554042964455,0.006305452180638769,0.0230149004593308
probability_cost_0.0100_rebalance_7d.csv,probability_cost_0.0100_rebalance_7d,2023,False,365,1.2561115246736994,1.2561115246736994,0.4979002449378495,2.5228176476002613,4.208215440059599,-0.2573144072173771,0.02124493792670388,0.07754402343246683
minimum_variance_backtest.csv,minimum_variance_backtest,2023,False,365,1.202760997171639,1.202760997171639,0.4801971224031711,2.5047234584671396,3.941492784087198,-0.2630403103151755,0.006500495106200992,0.002372680713762906
minimum_variance_rebalance_30d.csv,minimum_variance_rebalance_30d,2023,False,365,1.202760997171639,1.202760997171639,0.48019712240317114,2.5047234584671396,3.941492784087198,-0.2630403103151756,0.006500495106200992,0.0023726807137629054
minimum_variance_rebalance_1d.csv,minimum_variance_rebalance_1d,2023,False,365,1.2090835122157069,1.2090835122157069,0.488197967218371,2.476625454023826,4.017494006246714,-0.2644883891549302,0.016272123484950583,0.00593932507200664
minimum_variance_rebalance_7d.csv,minimum_variance_rebalance_7d,2023,False,365,1.174575038184603,1.174575038184603,0.49274799148065046,2.383723644727889,3.839049272875661,-0.26340885609013165,0.010645895039679774,0.0038857516894826106
paper_binary_cost_0.0000_rebalance_30d.csv,paper_binary_cost_0.0000_rebalance_30d,2023,False,365,1.045973714776589,1.045973714776589,0.48059703824616506,2.17640482886379,3.2802378382164066,-0.2601303996828358,0.022565022679467153,0.0
paper_binary_cost_0.0005_rebalance_30d.csv,paper_binary_cost_0.0005_rebalance_30d,2023,False,365,1.0375138174477123,1.0375138174477123,0.48066363954073454,2.1585028117355374,3.2529754842561514,-0.2604377820483542,0.022565022679467153,0.004118116639002099
paper_binary_cost_0.0010_rebalance_30d.csv,paper_binary_cost_0.0010_rebalance_30d,2023,False,365,1.0290856538098287,1.0290856538098287,0.4807334216394012,2.140657602503342,3.2257534501958878,-0.26074510301672615,0.022565022679467153,0.0082362332780049
paper_binary_rebalance_30d.csv,paper_binary_rebalance_30d,2023,False,365,1.0290856538098287,1.0290856538098287,0.4807334216394012,2.140657602503342,3.2257534501958878,-0.26074510301672615,0.022565022679467153,0.0082362332780049
paper_binary_cost_0.0025_rebalance_30d.csv,paper_binary_cost_0.0025_rebalance_30d,2023,False,365,1.0039904959740826,1.0039904959740826,0.4809618385994879,2.0874639428724766,3.1443441948498227,-0.2626484547155352,0.022565022679467153,0.020590583195013
paper_binary_cost_0.0050_rebalance_30d.csv,paper_binary_cost_0.0050_rebalance_30d,2023,False,365,0.9627899768027639,0.9627899768027639,0.48140600814962503,1.999954218484786,3.0096072055480625,-0.2684092218022701,0.022565022679467153,0.0411811663900268
paper_binary_cost_0.0100_rebalance_30d.csv,paper_binary_cost_0.0100_rebalance_30d,2023,False,365,0.8826846575830283,0.8826846575830283,0.48253153896538176,1.8292786819191826,2.7462066331429837,-0.2798261713310519,0.022565022679467153,0.0823623327800543
equal_weight_rebalance_1d.csv,equal_weight_rebalance_1d,2023,False,365,0.8936699905711372,0.8936699905711372,0.5045468586400649,1.771232890003317,2.755447582992997,-0.30299428443253185,0.0,0.0
equal_weight_rebalance_30d.csv,equal_weight_rebalance_30d,2023,False,365,0.8936699905711372,0.8936699905711372,0.5045468586400649,1.771232890003317,2.755447582992997,-0.30299428443253185,0.0,0.0
equal_weight_rebalance_7d.csv,equal_weight_rebalance_7d,2023,False,365,0.8936699905711372,0.8936699905711372,0.5045468586400649,1.771232890003317,2.755447582992997,-0.30299428443253185,0.0,0.0
equal_weight_backtest.csv,equal_weight_backtest,2023,False,365,0.8936699905711332,0.8936699905711332,0.5045468586400647,1.7712328900033099,2.7554475829929848,-0.30299428443253196,0.0,0.0
paper_binary_cost_0.0000_rebalance_7d.csv,paper_binary_cost_0.0000_rebalance_7d,2023,False,365,0.8165783897827845,0.8165783897827845,0.49671295404349264,1.6439643523194367,2.6343444168037853,-0.2653600769858052,0.07345693460142674,0.0
paper_binary_cost_0.0005_rebalance_7d.csv,paper_binary_cost_0.0005_rebalance_7d,2023,False,365,0.792447984609818,0.792447984609818,0.49669218172654445,1.595450892452547,2.5595206680358364,-0.2665835600079436,0.07345693460142674,0.013405890564758412
paper_binary_cost_0.0010_rebalance_7d.csv,paper_binary_cost_0.0010_rebalance_7d,2023,False,365,0.7686300395530297,0.7686300395530297,0.4966796747894078,1.5475367295408835,2.4860500170774,-0.267805334122898,0.07345693460142674,0.02681178112951879
paper_binary_rebalance_7d.csv,paper_binary_rebalance_7d,2023,False,365,0.7686300395530297,0.7686300395530297,0.4966796747894078,1.5475367295408835,2.4860500170774,-0.267805334122898,0.07345693460142674,0.02681178112951879
paper_binary_rebalance_1d.csv,paper_binary_rebalance_1d,2023,False,365,0.6868561947742171,0.6868561947742171,0.4737712053143204,1.449763487248084,2.2906093139599264,-0.26428226578720837,0.4068511112846566,0.14850065561888895
paper_binary_cost_0.0025_rebalance_7d.csv,paper_binary_cost_0.0025_rebalance_7d,2023,False,365,0.6990117842174361,0.6990117842174361,0.4966917504375082,1.4073352005579225,2.2705404785621703,-0.27146042246997726,0.07345693460142674,0.06702945282379998
paper_binary_cost_0.0050_rebalance_7d.csv,paper_binary_cost_0.0050_rebalance_7d,2023,False,365,0.5888720012786013,0.5888720012786013,0.4968771612432231,1.1851460425454057,1.9248825875998046,-0.277518239468195,0.07345693460142674,0.13405890564760162
paper_binary_equal_rebalance_7d.csv,paper_binary_equal_rebalance_7d,2023,False,365,0.6655036576041842,0.6655036576041842,0.6019402347825498,1.1055975645897747,1.8586140331423462,-0.33110610066442514,0.12426614481409003,0.0453571428571411
paper_binary_cost_0.0100_rebalance_7d.csv,paper_binary_cost_0.0100_rebalance_7d,2023,False,365,0.38906950975336985,0.38906950975336985,0.4978666455118027,0.7814733388162801,1.2849002238873832,-0.289507254442224,0.07345693460142674,0.2681178112952056
paper_binary_backtest.csv,paper_binary_backtest,2023,False,365,0.42642367196052033,0.42642367196052033,0.593523211728743,0.7184616600225032,1.0574707666253802,-0.39484205674977446,0.042530984996738415,0.0155238095238092
paper_binary_equal_rebalance_30d.csv,paper_binary_equal_rebalance_30d,2023,False,365,0.42642367196052033,0.42642367196052033,0.593523211728743,0.7184616600225032,1.0574707666253802,-0.39484205674977446,0.04253098499673842,0.0155238095238092
probability_backtest.csv,probability_backtest,2023,False,365,0.39823183772464565,0.39823183772464565,0.595346191896774,0.6689080120860073,0.9842202368169894,-0.39915161502070284,0.042090598526733386,0.0153630684622572
paper_binary_equal_rebalance_1d.csv,paper_binary_equal_rebalance_1d,2023,False,365,0.305591811837596,0.305591811837596,0.553609575704703,0.5519987826232968,0.8579164982474338,-0.3466072140157277,0.7635355512067843,0.27869047619046516
probability_cost_0.0000_rebalance_30d.csv,probability_cost_0.0000_rebalance_30d,2024,False,366,1.744456327862041,1.7368963866212557,0.6333595442405077,2.7423544847722363,4.215749441124153,-0.3523150854741719,0.012321732614078349,0.0
probability_cost_0.0005_rebalance_30d.csv,probability_cost_0.0005_rebalance_30d,2024,False,366,1.7383110208964756,1.7307847331521926,0.6333439009218689,2.732772401586144,4.200165622521756,-0.35297692542306924,0.012321732614078349,0.0022548770683759357
probability_cost_0.0010_rebalance_30d.csv,probability_cost_0.0010_rebalance_30d,2024,False,366,1.7321778189225308,1.7246850810201177,0.6333292057610045,2.723204717754563,4.184605048973283,-0.353638253521253,0.012321732614078349,0.004509754136752097
probability_rebalance_30d.csv,probability_rebalance_30d,2024,False,366,1.7321778189225308,1.7246850810201177,0.6333292057610045,2.723204717754563,4.184605048973283,-0.353638253521253,0.012321732614078349,0.004509754136752097
probability_cost_0.0025_rebalance_30d.csv,probability_cost_0.0025_rebalance_30d,2024,False,366,1.7138506351185891,1.7064579273197844,0.6332908098638081,2.694588174565119,4.138063509423316,-0.3556191694866365,0.012321732614078349,0.011274385341881
paper_binary_equal_rebalance_7d.csv,paper_binary_equal_rebalance_7d,2024,False,366,1.7510370964363249,1.7434410755273184,0.6489195078347045,2.686683100874531,4.150931440060544,-0.39587946087428616,0.13321623731459795,0.048757142857141
probability_cost_0.0050_rebalance_30d.csv,probability_cost_0.0050_rebalance_30d,2024,False,366,1.6835454934653376,1.6763174527266314,0.6332457851806651,2.6471829611126076,4.0609657563728625,-0.35891048496848255,0.012321732614078349,0.0225487706837627
probability_cost_0.0100_rebalance_30d.csv,probability_cost_0.0100_rebalance_30d,2024,False,366,1.6238265754095647,1.6169202932771638,0.633226882461909,2.553461228605417,3.9085690512205304,-0.36545494878314144,0.012321732614078349,0.0450975413675262
paper_binary_cost_0.0000_rebalance_7d.csv,paper_binary_cost_0.0000_rebalance_7d,2024,False,366,1.4017267928719344,1.3959840407741764,0.5806563036588999,2.4041486021552463,3.5967639544027037,-0.357810829234927,0.07484915344993892,0.0
paper_binary_cost_0.0005_rebalance_7d.csv,paper_binary_cost_0.0005_rebalance_7d,2024,False,366,1.369014646608508,1.3634386676999797,0.5807409011031177,2.3477572616465054,3.5101828656556946,-0.3602792632819203,0.07484915344993892,0.013697395081336905
paper_binary_cost_0.0010_rebalance_7d.csv,paper_binary_cost_0.0010_rebalance_7d,2024,False,366,1.336736968984717,1.331324344760891,0.5808327726856578,2.292095775872126,3.4295460843114585,-0.36273876770508706,0.07484915344993892,0.02739479016267509
paper_binary_rebalance_7d.csv,paper_binary_rebalance_7d,2024,False,366,1.336736968984717,1.331324344760891,0.5808327726856578,2.292095775872126,3.4295460843114585,-0.36273876770508706,0.07484915344993892,0.02739479016267509
paper_binary_cost_0.0000_rebalance_30d.csv,paper_binary_cost_0.0000_rebalance_30d,2024,False,366,1.3922128365651627,1.386518714192376,0.6194900203372973,2.2381615016775416,3.391957147298045,-0.3532026530376423,0.026359615635752467,0.0
paper_binary_cost_0.0005_rebalance_30d.csv,paper_binary_cost_0.0005_rebalance_30d,2024,False,366,1.3808350826107856,1.375198981509457,0.6194093221184717,2.2201780509309623,3.3632638341977237,-0.35427681204206596,0.026359615635752467,0.0048238096613422
paper_binary_cost_0.0010_rebalance_30d.csv,paper_binary_cost_0.0010_rebalance_30d,2024,False,366,1.3695064975779165,1.363928020162867,0.6193319615158314,2.2022567942797866,3.334691512877259,-0.3553495958752745,0.026359615635752467,0.0096476193226849
paper_binary_rebalance_30d.csv,paper_binary_rebalance_30d,2024,False,366,1.3695064975779165,1.363928020162867,0.6193319615158314,2.2022567942797866,3.334691512877259,-0.3553495958752745,0.026359615635752467,0.0096476193226849
paper_binary_cost_0.0025_rebalance_30d.csv,paper_binary_cost_0.0025_rebalance_30d,2024,False,366,1.3358138454046427,1.330405875285539,0.6191199176464378,2.148866216973005,3.2496988438752465,-0.35855970902720413,0.026359615635752467,0.0241190483067127
paper_binary_cost_0.0025_rebalance_7d.csv,paper_binary_cost_0.0025_rebalance_7d,2024,False,366,1.242454857396444,1.2375123833769264,0.5811519963994553,2.129412599533292,3.191251953940034,-0.37006400592600297,0.07484915344993892,0.06848697540669141
minimum_variance_rebalance_30d.csv,minimum_variance_rebalance_30d,2024,False,366,1.2824334450253225,1.2772929028243336,0.6144255172488265,2.0788409123103895,3.0669256901675697,-0.40398762352049544,0.005745251347265642,0.0021027619930988877
minimum_variance_backtest.csv,minimum_variance_backtest,2024,False,366,1.2824334450253225,1.2772929028243336,0.6144255172488267,2.078840912310389,3.0669256901675688,-0.40398762352049533,0.005745251347265642,0.0021027619930988877
paper_binary_cost_0.0050_rebalance_30d.csv,paper_binary_cost_0.0050_rebalance_30d,2024,False,366,1.2806250703670679,1.2754935288618334,0.6188333697419117,2.0611259690048485,3.110448506548605,-0.3638825124202272,0.026359615635752467,0.0482380966134264
probability_cost_0.0000_rebalance_7d.csv,probability_cost_0.0000_rebalance_7d,2024,False,366,1.1418435050776639,1.137390841113493,0.5859657709055976,1.9410533815920332,2.9664281199613813,-0.38701509422197367,0.024360867721834774,0.0
probability_cost_0.0005_rebalance_7d.csv,probability_cost_0.0005_rebalance_7d,2024,False,366,1.132320631754613,1.127913671867669,0.5859761572865629,1.9248456747636569,2.9417274756995027,-0.38822351666378496,0.024360867721834774,0.004458038793094909
probability_cost_0.0010_rebalance_7d.csv,probability_cost_0.0010_rebalance_7d,2024,False,366,1.1228388613740106,1.118477293400797,0.5859874451876476,1.9087052164447535,2.9171222862609705,-0.389429711054295,0.024360867721834774,0.008916077586189853
probability_rebalance_7d.csv,probability_rebalance_7d,2024,False,366,1.1228388613740106,1.118477293400797,0.5859874451876476,1.9087052164447535,2.9171222862609705,-0.389429711054295,0.024360867721834774,0.008916077586189853
paper_binary_cost_0.0100_rebalance_30d.csv,paper_binary_cost_0.0100_rebalance_30d,2024,False,366,1.173784851571781,1.169178050539211,0.6185113689472783,1.8903097165848077,2.8424740839503118,-0.37442599287539036,0.026359615635752467,0.0964761932268534
paper_binary_cost_0.0050_rebalance_7d.csv,paper_binary_cost_0.0050_rebalance_7d,2024,False,366,1.0934961659340492,1.089274337815532,0.5818291435373538,1.872154995868817,2.814832002378722,-0.38876956562530085,0.07484915344993892,0.1369739508133856
probability_cost_0.0025_rebalance_7d.csv,probability_cost_0.0025_rebalance_7d,2024,False,366,1.094638449709921,1.090411202468975,0.586026717469869,1.8606851359554937,2.8417965816615154,-0.3930349642117619,0.024360867721834774,0.022290193965476268
probability_rebalance_1d.csv,probability_rebalance_1d,2024,False,366,1.0789611647327266,1.0748081439817536,0.578191785867043,1.8589128559998414,2.82780730589728,-0.37185377227510263,0.06483246090884744,0.02372868069263505
paper_binary_rebalance_1d.csv,paper_binary_rebalance_1d,2024,False,366,1.0372138025746547,1.0332568665237427,0.573366073691567,1.8020893002461924,2.7018122201836086,-0.3851584260043208,0.3518108561507758,0.1287627733511697
probability_cost_0.0050_rebalance_7d.csv,probability_cost_0.0050_rebalance_7d,2024,False,366,1.0484438904114555,1.0444344341300078,0.5861101959965648,1.781976224375611,2.7221673918697213,-0.39899951493878616,0.024360867721834774,0.04458038793095475
minimum_variance_rebalance_7d.csv,minimum_variance_rebalance_7d,2024,False,366,1.0355549676852274,1.0316057753299965,0.5974460947676805,1.726692641168139,2.547695887243045,-0.4182584187511247,0.008021190757259333,0.0029357558171567233
minimum_variance_rebalance_1d.csv,minimum_variance_rebalance_1d,2024,False,366,0.9690563912210473,0.9654145640371501,0.5924151517361387,1.6296250377929988,2.387339063654221,-0.4139131333566567,0.015074594714988529,0.005517301665685577
probability_cost_0.0100_rebalance_7d.csv,probability_cost_0.0100_rebalance_7d,2024,False,366,0.95900267420219,0.955406790102789,0.5863447078448705,1.629428521005022,2.4881154214722216,-0.4107645527207503,0.024360867721834774,0.0891607758619124
equal_weight_rebalance_1d.csv,equal_weight_rebalance_1d,2024,False,366,1.0034254436185601,0.9996255079719634,0.6432707152683135,1.5539732872108307,2.2592503810191085,-0.44578205921024705,0.0,0.0
equal_weight_rebalance_30d.csv,equal_weight_rebalance_30d,2024,False,366,1.0034254436185601,0.9996255079719634,0.6432707152683135,1.5539732872108307,2.2592503810191085,-0.44578205921024705,0.0,0.0
equal_weight_rebalance_7d.csv,equal_weight_rebalance_7d,2024,False,366,1.0034254436185601,0.9996255079719634,0.6432707152683135,1.5539732872108307,2.2592503810191085,-0.44578205921024705,0.0,0.0
equal_weight_backtest.csv,equal_weight_backtest,2024,False,366,1.0034254436185575,0.9996255079719607,0.6432707152683133,1.553973287210827,2.259250381019103,-0.44578205921024705,0.0,0.0
paper_binary_cost_0.0100_rebalance_7d.csv,paper_binary_cost_0.0100_rebalance_7d,2024,False,366,0.8239516262838629,0.8209589891758171,0.5837251058506338,1.406413705608009,2.1306905021523685,-0.42634080768625393,0.07484915344993892,0.2739479016267742
paper_binary_equal_rebalance_1d.csv,paper_binary_equal_rebalance_1d,2024,False,366,0.7872182476533556,0.7843850672848511,0.6318966377310287,1.24131862783978,1.8940539690277365,-0.4803929669102671,0.6850507416081186,0.2507285714285568
probability_backtest.csv,probability_backtest,2024,False,366,0.5656813423513936,0.5637646804904866,0.6452160209489464,0.8737611314445263,1.2790883753764022,-0.47264587935241253,0.04038287061974992,0.014780130646828081
paper_binary_backtest.csv,paper_binary_backtest,2024,False,366,0.5170041946081994,0.5152778757448877,0.6400604598298342,0.8050456294111324,1.1766680142681476,-0.4736319470951672,0.03998178506375227,0.014633333333332998
paper_binary_equal_rebalance_30d.csv,paper_binary_equal_rebalance_30d,2024,False,366,0.5170041946081982,0.5152778757448866,0.6400604598298344,0.8050456294111304,1.176668014268145,-0.47363194709516754,0.03998178506375228,0.014633333333332998
paper_binary_cost_0.0000_rebalance_7d.csv,paper_binary_cost_0.0000_rebalance_7d,2025,False,365,-0.10837286991682227,-0.10837286991682227,0.544532083761722,-0.19902017373919217,-0.2749919108089511,-0.3824357410759127,0.05176125244618398,0.0
paper_binary_cost_0.0005_rebalance_7d.csv,paper_binary_cost_0.0005_rebalance_7d,2025,False,365,-0.11677134762800823,-0.11677134762800823,0.544540784168821,-0.21444004016383508,-0.296093017088016,-0.38379598612400756,0.05176125244618398,0.009446428571427239
paper_binary_cost_0.0010_rebalance_7d.csv,paper_binary_cost_0.0010_rebalance_7d,2025,False,365,-0.12509303436947894,-0.12509303436947894,0.5445538691158703,-0.22971654681763284,-0.31706476146206153,-0.3851535248980139,0.05176125244618398,0.018892857142855705
paper_binary_rebalance_7d.csv,paper_binary_rebalance_7d,2025,False,365,-0.12509303436947894,-0.12509303436947894,0.5445538691158703,-0.22971654681763284,-0.31706476146206153,-0.3851535248980139,0.05176125244618398,0.018892857142855705
paper_binary_cost_0.0025_rebalance_7d.csv,paper_binary_cost_0.0025_rebalance_7d,2025,False,365,-0.14960413108869774,-0.14960413108869774,0.5446194275069756,-0.2746948117027676,-0.37869064224388166,-0.38920995188761687,0.05176125244618398,0.04723214285714142
paper_binary_cost_0.0000_rebalance_30d.csv,paper_binary_cost_0.0000_rebalance_30d,2025,False,365,-0.15763610012598006,-0.15763610012598006,0.5249723578246603,-0.3002750483457458,-0.4244564747609418,-0.394739738007968,0.01687858612464217,0.0
paper_binary_cost_0.0005_rebalance_30d.csv,paper_binary_cost_0.0005_rebalance_30d,2025,False,365,-0.1602095403391256,-0.1602095403391256,0.524927502842502,-0.30520317466999725,-0.4313757821901441,-0.3950053773737746,0.01687858612464217,0.0030803419677467997
paper_binary_cost_0.0010_rebalance_30d.csv,paper_binary_cost_0.0010_rebalance_30d,2025,False,365,-0.16277585095538016,-0.16277585095538016,0.5248842798683063,-0.3101175958179214,-0.43827323358753256,-0.39527095951942015,0.01687858612464217,0.0061606839354938995
paper_binary_rebalance_30d.csv,paper_binary_rebalance_30d,2025,False,365,-0.16277585095538016,-0.16277585095538016,0.5248842798683063,-0.3101175958179214,-0.43827323358753256,-0.39527095951942015,0.01687858612464217,0.0061606839354938995
paper_binary_cost_0.0025_rebalance_30d.csv,paper_binary_cost_0.0025_rebalance_30d,2025,False,365,-0.17043218259381498,-0.17043218259381498,0.5247644069500447,-0.3247784726566629,-0.4588338499895289,-0.39606736263539044,0.01687858612464217,0.015401709838735499
paper_binary_cost_0.0050_rebalance_7d.csv,paper_binary_cost_0.0050_rebalance_7d,2025,False,365,-0.18898257411928487,-0.18898257411928487,0.5448163319910055,-0.34687391515716315,-0.47716089184289584,-0.39591698781579454,0.05176125244618398,0.09446428571428435
paper_binary_cost_0.0050_rebalance_30d.csv,paper_binary_cost_0.0050_rebalance_30d,2025,False,365,-0.1830517929669685,-0.1830517929669685,0.5245972935703941,-0.3489377379763499,-0.49257167370763655,-0.3973935567587873,0.01687858612464217,0.030803419677471598
probability_cost_0.0000_rebalance_30d.csv,probability_cost_0.0000_rebalance_30d,2025,False,365,-0.20912992783250628,-0.20912992783250628,0.5518766942206282,-0.37894321326223773,-0.5484797593919207,-0.38987063512734954,0.0014745515216712567,0.0
probability_cost_0.0000_rebalance_7d.csv,probability_cost_0.0000_rebalance_7d,2025,False,365,-0.2094322436500774,-0.2094322436500774,0.5526307966416412,-0.3789731678415414,-0.5489795716807578,-0.3893561218980822,0.004705053101347302,0.0
probability_cost_0.0005_rebalance_30d.csv,probability_cost_0.0005_rebalance_30d,2025,False,365,-0.20934005491147278,-0.20934005491147278,0.5518698427326311,-0.37932867263575676,-0.5490257648793679,-0.389891881370553,0.0014745515216712567,0.0002691056527050047
probability_cost_0.0010_rebalance_30d.csv,probability_cost_0.0010_rebalance_30d,2025,False,365,-0.20955013157204672,-0.20955013157204672,0.5518630035623463,-0.3797140417447334,-0.5495716134672588,-0.38991312725227834,0.0014745515216712567,0.0005382113054100094
probability_rebalance_30d.csv,probability_rebalance_30d,2025,False,365,-0.20955013157204672,-0.20955013157204672,0.5518630035623463,-0.3797140417447334,-0.5495716134672588,-0.38991312725227834,0.0014745515216712567,0.0005382113054100094
probability_cost_0.0005_rebalance_7d.csv,probability_cost_0.0005_rebalance_7d,2025,False,365,-0.21011188564656402,-0.21011188564656402,0.5526306067750141,-0.3802031285829675,-0.5507486240455532,-0.38944652454048945,0.004705053101347302,0.0008586721909958839
probability_cost_0.0025_rebalance_30d.csv,probability_cost_0.0025_rebalance_30d,2025,False,365,-0.2101800591517381,-0.2101800591517381,0.5518425599623404,-0.38086960738599335,-0.5512082177321608,-0.38997686272858534,0.0014745515216712567,0.0013455282635246046
probability_cost_0.0010_rebalance_7d.csv,probability_cost_0.0010_rebalance_7d,2025,False,365,-0.2107909568479398,-0.2107909568479398,0.5526304440300238,-0.3814320385803569,-0.5525160385705479,-0.3895369152835533,0.004705053101347302,0.0017173443819917676
probability_rebalance_7d.csv,probability_rebalance_7d,2025,False,365,-0.2107909568479398,-0.2107909568479398,0.5526304440300238,-0.3814320385803569,-0.5525160385705479,-0.3895369152835533,0.004705053101347302,0.0017173443819917676
probability_rebalance_1d.csv,probability_rebalance_1d,2025,False,365,-0.21136912656685314,-0.21136912656685314,0.5527931991047915,-0.382365642177129,-0.5537273392096933,-0.3893182629857882,0.025319797890965702,0.009241726230202498
probability_cost_0.0050_rebalance_30d.csv,probability_cost_0.0050_rebalance_30d,2025,False,365,-0.21122893109402874,-0.21122893109402874,0.5518087336924942,-0.382793743912977,-0.5539327525723834,-0.3900830812928662,0.0014745515216712567,0.0026910565270495002
probability_cost_0.0025_rebalance_7d.csv,probability_cost_0.0025_rebalance_7d,2025,False,365,-0.21282475036096515,-0.21282475036096515,0.5526301185250945,-0.3851124707588679,-0.5578084626319858,-0.38980801613045046,0.004705053101347302,0.004293360954978596
probability_cost_0.0100_rebalance_30d.csv,probability_cost_0.0100_rebalance_30d,2025,False,365,-0.21332290225664563,-0.21332290225664563,0.5517420053441958,-0.3866352392792124,-0.5593700467564924,-0.3902954913105604,0.0014745515216712567,0.0053821130540996995
probability_cost_0.0050_rebalance_7d.csv,probability_cost_0.0050_rebalance_7d,2025,False,365,-0.21620303393367646,-0.21620303393367646,0.552630118451069,-0.3912255715263183,-0.5665964828586816,-0.3902596130168695,0.004705053101347302,0.008586721909956636
paper_binary_cost_0.0100_rebalance_30d.csv,paper_binary_cost_0.0100_rebalance_30d,2025,False,365,-0.2077703342703232,-0.2077703342703232,0.5243857259262377,-0.39621660925901914,-0.5589050474738657,-0.40004165349350296,0.01687858612464217,0.0616068393549435
probability_cost_0.0100_rebalance_7d.csv,probability_cost_0.0100_rebalance_7d,2025,False,365,-0.22291716438273224,-0.22291716438273224,0.552632152428088,-0.4033734979105104,-0.5840502878004473,-0.391252273369314,0.004705053101347302,0.017173443819915195
probability_backtest.csv,probability_backtest,2025,False,365,-0.2713382839910776,-0.2713382839910776,0.669787143110094,-0.40511121597697985,-0.5663727938996375,-0.5052291952067944,0.03466346601949936,0.012652165097116499
paper_binary_backtest.csv,paper_binary_backtest,2025,False,365,-0.272385374329681,-0.272385374329681,0.6681763768382764,-0.4076549003701285,-0.5703210095221444,-0.5051489513732713,0.03433789954337899,0.0125333333333329
paper_binary_equal_rebalance_30d.csv,paper_binary_equal_rebalance_30d,2025,False,365,-0.272385374329681,-0.272385374329681,0.6681763768382764,-0.4076549003701285,-0.5703210095221444,-0.5051489513732713,0.03433789954337899,0.0125333333333329
paper_binary_equal_rebalance_7d.csv,paper_binary_equal_rebalance_7d,2025,False,365,-0.31843960524603865,-0.31843960524603865,0.7233651305415575,-0.4402197338536824,-0.6288734401515446,-0.5063965664788238,0.10273972602739725,0.0374999999999977
minimum_variance_rebalance_1d.csv,minimum_variance_rebalance_1d,2025,False,365,-0.2707971385555873,-0.2707971385555873,0.5994938836368593,-0.45170959362051044,-0.6591531855145856,-0.4365406271959783,0.01125819299196078,0.004109240442065681
minimum_variance_rebalance_7d.csv,minimum_variance_rebalance_7d,2025,False,365,-0.2758006234068022,-0.2758006234068022,0.6023977025559271,-0.45783810634835,-0.6633752058330078,-0.4398111924513941,0.00640679441482118,0.0023384799614096113
minimum_variance_backtest.csv,minimum_variance_backtest,2025,False,365,-0.2819901616690924,-0.2819901616690924,0.6015275908571373,-0.46879007040603904,-0.6783085571281653,-0.4406166281409173,0.00440937008074109,0.001609420079470152
minimum_variance_rebalance_30d.csv,minimum_variance_rebalance_30d,2025,False,365,-0.2819901616690925,-0.2819901616690925,0.6015275908571373,-0.4687900704060392,-0.6783085571281655,-0.4406166281409174,0.00440937008074109,0.0016094200794701523
paper_binary_rebalance_1d.csv,paper_binary_rebalance_1d,2025,False,365,-0.2563177212244948,-0.2563177212244948,0.544320450270086,-0.4708948949048537,-0.6673258511112863,-0.39025509625443366,0.2919872397893973,0.10657534252311968
paper_binary_cost_0.0100_rebalance_7d.csv,paper_binary_cost_0.0100_rebalance_7d,2025,False,365,-0.26250101785784263,-0.26250101785784263,0.5455382826330737,-0.4811779965117489,-0.6587347558638825,-0.4091319247894457,0.05176125244618398,0.18892857142857009
equal_weight_backtest.csv,equal_weight_backtest,2025,False,365,-0.37377656316359,-0.37377656316359,0.7224460231701495,-0.5173764560616297,-0.742373740070466,-0.50807830150295,0.0,0.0
equal_weight_rebalance_1d.csv,equal_weight_rebalance_1d,2025,False,365,-0.3737765631635904,-0.3737765631635904,0.7224460231701496,-0.5173764560616303,-0.7423737400704665,-0.5080783015029506,0.0,0.0
equal_weight_rebalance_30d.csv,equal_weight_rebalance_30d,2025,False,365,-0.3737765631635904,-0.3737765631635904,0.7224460231701496,-0.5173764560616303,-0.7423737400704665,-0.5080783015029506,0.0,0.0
equal_weight_rebalance_7d.csv,equal_weight_rebalance_7d,2025,False,365,-0.3737765631635904,-0.3737765631635904,0.7224460231701496,-0.5173764560616303,-0.7423737400704665,-0.5080783015029506,0.0,0.0
paper_binary_equal_rebalance_1d.csv,paper_binary_equal_rebalance_1d,2025,False,365,-0.4231750920479428,-0.4231750920479428,0.7081957935656841,-0.597539685907064,-0.8508542167587925,-0.5231919787004047,0.5646314416177429,0.2060904761904626
paper_binary_cost_0.0000_rebalance_30d.csv,paper_binary_cost_0.0000_rebalance_30d,2026,False,268,-0.0395474088979938,-0.05347243458238726,0.49508873851471774,-0.10800575820570328,-0.14637782910345865,-0.46934166139169664,0.024176775952659855,0.0
paper_binary_cost_0.0005_rebalance_30d.csv,paper_binary_cost_0.0005_rebalance_30d,2026,False,268,-0.04264635243493076,-0.05762938870037515,0.4950651696455915,-0.11640768172325883,-0.1578867760489354,-0.47035252395318095,0.024176775952659855,0.0032396879776559
paper_binary_cost_0.0010_rebalance_30d.csv,paper_binary_cost_0.0010_rebalance_30d,2026,False,268,-0.045736645015428956,-0.061769891280689326,0.49504542443336086,-0.1247762088729381,-0.1692438997592637,-0.4713618776586548,0.024176775952659855,0.0064793759553123005
paper_binary_rebalance_30d.csv,paper_binary_rebalance_30d,2026,False,268,-0.045736645015428956,-0.061769891280689326,0.49504542443336086,-0.1247762088729381,-0.1692438997592637,-0.4713618776586548,0.024176775952659855,0.0064793759553123005
paper_binary_cost_0.0025_rebalance_30d.csv,paper_binary_cost_0.0025_rebalance_30d,2026,False,268,-0.054955821345260114,-0.07409326940587269,0.4950091348706178,-0.14968061028861354,-0.20304281125947862,-0.47438090213979245,0.024176775952659855,0.0161984398882816
paper_binary_cost_0.0050_rebalance_30d.csv,paper_binary_cost_0.0050_rebalance_30d,2026,False,268,-0.07014999719820136,-0.0943085849668941,0.4950251506824998,-0.19051271402446765,-0.2586438320273117,-0.4793825863193245,0.024176775952659855,0.0323968797765637
probability_cost_0.0000_rebalance_30d.csv,probability_cost_0.0000_rebalance_30d,2026,False,268,-0.0780428355071684,-0.10476276020757458,0.51350742364062,-0.20401411038001502,-0.30383159478667277,-0.4646711842560174,0.008245331101660203,0.0
minimum_variance_rebalance_7d.csv,minimum_variance_rebalance_7d,2026,False,268,-0.0843267499220477,-0.11306277623359318,0.5509182607900044,-0.20522604582295692,-0.31738068927169183,-0.49729864003678725,0.006849745973895586,0.001835731921003754
probability_cost_0.0005_rebalance_30d.csv,probability_cost_0.0005_rebalance_30d,2026,False,268,-0.07905355906339029,-0.10609914542792998,0.5134848797931635,-0.20662564683631524,-0.3076875355033985,-0.46505479065667,0.008245331101660203,0.0011048743676222495
probability_cost_0.0010_rebalance_30d.csv,probability_cost_0.0010_rebalance_30d,2026,False,268,-0.08006339312950939,-0.1074338245209322,0.5134629714609561,-0.20923383085493147,-0.3115378548113071,-0.4654382135510905,0.008245331101660203,0.0022097487352446994
probability_rebalance_30d.csv,probability_rebalance_30d,2026,False,268,-0.08006339312950939,-0.1074338245209322,0.5134629714609561,-0.20923383085493147,-0.3115378548113071,-0.4654382135510905,0.008245331101660203,0.0022097487352446994
probability_cost_0.0025_rebalance_30d.csv,probability_cost_0.0025_rebalance_30d,2026,False,268,-0.08308756443495391,-0.11142764331297683,0.5134010603576076,-0.2170382025221419,-0.32311306031383646,-0.4665873817031889,0.008245331101660203,0.005524371838112108
minimum_variance_rebalance_1d.csv,minimum_variance_rebalance_1d,2026,False,268,-0.09131867928584891,-0.1222737581600768,0.5488713000347296,-0.22277309480809065,-0.3429882397984001,-0.4982746808401922,0.011349423967708301,0.0030416456233456927
probability_cost_0.0050_rebalance_30d.csv,probability_cost_0.0050_rebalance_30d,2026,False,268,-0.08811011654231193,-0.1180500557656915,0.5133105926212422,-0.22997782914017786,-0.34229938882757766,-0.46849899655602967,0.008245331101660203,0.0110487436762244
minimum_variance_backtest.csv,minimum_variance_backtest,2026,False,268,-0.09932891461128013,-0.13279473686479626,0.5469011515158014,-0.2428130503962917,-0.37191341151046864,-0.501179913406981,0.0034049668097700936,0.0009125311050182614
minimum_variance_rebalance_30d.csv,minimum_variance_rebalance_30d,2026,False,268,-0.09932891461128013,-0.13279473686479626,0.5469011515158014,-0.2428130503962917,-0.37191341151046864,-0.5011799134069809,0.0034049668097700936,0.0009125311050182614
probability_rebalance_1d.csv,probability_rebalance_1d,2026,False,268,-0.09349247388815818,-0.1251322430759636,0.512563733505644,-0.2441301147471561,-0.3636574138654874,-0.47484086915684076,0.03858007618157578,0.010339460416661811
probability_cost_0.0100_rebalance_30d.csv,probability_cost_0.0100_rebalance_30d,2026,False,268,-0.09808899167111029,-0.1311683771701393,0.513177375937969,-0.2556004674414845,-0.3802688113250427,-0.47230850377143474,0.008245331101660203,0.0220974873524491
probability_cost_0.0000_rebalance_7d.csv,probability_cost_0.0000_rebalance_7d,2026,False,268,-0.09839800675172083,-0.13157377623789046,0.5119400417086878,-0.25701012915250854,-0.3819175009678379,-0.47566807617570994,0.01733786421808118,0.0
probability_cost_0.0005_rebalance_7d.csv,probability_cost_0.0005_rebalance_7d,2026,False,268,-0.1004795543887752,-0.1343032624910966,0.5119049713881192,-0.26235975424678915,-0.38992329662133074,-0.47672650241915515,0.01733786421808118,0.0023232738052227832
probability_cost_0.0010_rebalance_7d.csv,probability_cost_0.0010_rebalance_7d,2026,False,268,-0.1025566861776287,-0.13702468047771033,0.511871034558178,-0.2676937572683388,-0.3979073694688563,-0.47778301243695986,0.01733786421808118,0.0046465476104455
probability_rebalance_7d.csv,probability_rebalance_7d,2026,False,268,-0.1025566861776287,-0.13702468047771033,0.511871034558178,-0.2676937572683388,-0.3979073694688563,-0.47778301243695986,0.01733786421808118,0.0046465476104455
paper_binary_cost_0.0100_rebalance_30d.csv,paper_binary_cost_0.0100_rebalance_30d,2026,False,268,-0.09990572204657544,-0.13355103714555971,0.49534394820045347,-0.269612736020578,-0.3666051808358416,-0.4892741060534985,0.024176775952659855,0.06479375955312791
probability_cost_0.0025_rebalance_7d.csv,probability_cost_0.0025_rebalance_7d,2026,False,268,-0.10876167256551372,-0.14514074896560525,0.5117760272293785,-0.283602086153506,-0.42172873356063506,-0.48094107619610693,0.01733786421808118,0.01161636902611325
equal_weight_rebalance_1d.csv,equal_weight_rebalance_1d,2026,False,268,-0.1245591149944607,-0.16571125426809752,0.583798323080455,-0.28385017174031923,-0.44927099041604796,-0.5370599581796242,0.0,0.0
equal_weight_rebalance_30d.csv,equal_weight_rebalance_30d,2026,False,268,-0.1245591149944607,-0.16571125426809752,0.583798323080455,-0.28385017174031923,-0.44927099041604796,-0.5370599581796242,0.0,0.0
equal_weight_rebalance_7d.csv,equal_weight_rebalance_7d,2026,False,268,-0.1245591149944607,-0.16571125426809752,0.583798323080455,-0.28385017174031923,-0.44927099041604796,-0.5370599581796242,0.0,0.0
equal_weight_backtest.csv,equal_weight_backtest,2026,False,268,-0.12455911499446126,-0.1657112542680983,0.5837983230804549,-0.2838501717403206,-0.4492709904160501,-0.5370599581796245,0.0,0.0
paper_binary_rebalance_1d.csv,paper_binary_rebalance_1d,2026,False,268,-0.11132295080939181,-0.14848492805599378,0.48672520605475944,-0.30506932085881816,-0.4354965525883591,-0.42610065831735455,0.39882002088775637,0.10688376559791439
probability_cost_0.0050_rebalance_7d.csv,probability_cost_0.0050_rebalance_7d,2026,False,268,-0.11901580096001052,-0.15850824752168335,0.5116403710653938,-0.30980402737106155,-0.46099176348842885,-0.4861664804950194,0.01733786421808118,0.023232738052227225
probability_backtest.csv,probability_backtest,2026,False,268,-0.1458207569765534,-0.1931852241178844,0.5892944195200625,-0.3278246284348319,-0.49141852800008823,-0.5652629456594342,0.040518282575556036,0.0108588997302487
paper_binary_backtest.csv,paper_binary_backtest,2026,False,268,-0.1461536229032997,-0.1936133994176913,0.5888683141212644,-0.32878895803149105,-0.49293839479700635,-0.5650563305381304,0.0406183368869936,0.0108857142857141
paper_binary_equal_rebalance_30d.csv,paper_binary_equal_rebalance_30d,2026,False,268,-0.1461536229032997,-0.1936133994176913,0.5888683141212644,-0.32878895803149105,-0.49293839479700635,-0.5650563305381304,0.0406183368869936,0.0108857142857141
probability_cost_0.0100_rebalance_7d.csv,probability_cost_0.0100_rebalance_7d,2026,False,268,-0.13919969904758833,-0.1846558321156364,0.5114542192261181,-0.36104078366004944,-0.5378483640301541,-0.4964760397429119,0.01733786421808118,0.0464654761044558
paper_binary_equal_rebalance_7d.csv,paper_binary_equal_rebalance_7d,2026,False,268,-0.1585050647488232,-0.20945858587593735,0.5684343449858456,-0.36848333976222536,-0.554954435201811,-0.5639042296849033,0.14196872778962333,0.038047619047618705
paper_binary_cost_0.0000_rebalance_7d.csv,paper_binary_cost_0.0000_rebalance_7d,2026,False,268,-0.13361211224688674,-0.1774392745723795,0.46846363342092634,-0.3787685145944848,-0.4901607089883132,-0.455597856197159,0.08448731499975755,0.0
paper_binary_cost_0.0005_rebalance_7d.csv,paper_binary_cost_0.0005_rebalance_7d,2026,False,268,-0.14338796017109712,-0.1900540127201371,0.4685225557468542,-0.4056453854546643,-0.5283884135664494,-0.46006220385043384,0.08448731499975755,0.011321300209967123
paper_binary_cost_0.0010_rebalance_7d.csv,paper_binary_cost_0.0010_rebalance_7d,2026,False,268,-0.15305767455096486,-0.20248064223289952,0.4685943691831415,-0.4321021667116185,-0.5637304227370558,-0.46456701861109817,0.08448731499975755,0.022642600419934475
paper_binary_rebalance_7d.csv,paper_binary_rebalance_7d,2026,False,268,-0.15305767455096486,-0.20248064223289952,0.4685943691831415,-0.4321021667116185,-0.5637304227370558,-0.46456701861109817,0.08448731499975755,0.022642600419934475
paper_binary_cost_0.0025_rebalance_7d.csv,paper_binary_cost_0.0025_rebalance_7d,2026,False,268,-0.18144103253254307,-0.2386589423922253,0.4688870916069433,-0.5089902167583817,-0.666994150904755,-0.4780425651207161,0.08448731499975755,0.05660650104983708
paper_binary_equal_rebalance_1d.csv,paper_binary_equal_rebalance_1d,2026,False,268,-0.24384327208584677,-0.3165975258131388,0.5962900568573871,-0.5309455057521754,-0.8759679422787074,-0.5480232232636784,0.6979033404406539,0.18703809523809198
paper_binary_cost_0.0050_rebalance_7d.csv,paper_binary_cost_0.0050_rebalance_7d,2026,False,268,-0.22672513851693676,-0.29544090198850814,0.4696320240753977,-0.6290901958190913,-0.8307183886175751,-0.4997896168091722,0.08448731499975755,0.11321300209967466
paper_binary_cost_0.0100_rebalance_7d.csv,paper_binary_cost_0.0100_rebalance_7d,2026,False,268,-0.3101737625010512,-0.3969225209614785,0.4720795677974143,-0.8407958065488904,-1.1226649850420505,-0.5407321934465433,0.08448731499975755,0.2264260041993496
