strategy,transaction_cost,transaction_cost_percent,rebalance_frequency,phi,cumulative_return,annualized_return,annualized_volatility,sharpe,sortino,max_drawdown,average_turnover,total_transaction_cost
paper_binary,0.0,0.0,7,0.5,1.9359564208161122,0.3153992962237846,0.5384178103235233,0.5857891217125009,0.812519599783139,-0.6308766379731916,0.07049668362932805,0.0
paper_binary,0.0005,0.05,7,0.5,1.7910595059681085,0.2985624642692639,0.5384631097611247,0.5544715299098456,0.7698748473103153,-0.6352177869768129,0.07049668362932805,0.05054612216222822
paper_binary,0.001,0.1,7,0.5,1.6532656460519188,0.2819352401855735,0.5385160915837867,0.5235409760113133,0.7274849371779372,-0.6395601721824336,0.07049668362932805,0.10109224432445645
paper_binary,0.0025,0.25,7,0.5,1.2791266878129908,0.23328599790742133,0.5387211070525479,0.4330366767765536,0.6030139919771174,-0.6524054152962759,0.07049668362932805,0.2527306108111411
paper_binary,0.005,0.5,7,0.5,0.7684401273620916,0.15616511623314744,0.5392161713261084,0.2896150459454628,0.4047933098868969,-0.6728366941718822,0.07049668362932805,0.5054612216222822
paper_binary,0.01,1.0,7,0.5,0.0632612595922104,0.015735779204609335,0.5407792918251151,0.029098339086730776,0.040956132206140076,-0.710273022389105,0.07049668362932805,1.0109224432445645
paper_binary,0.0,0.0,30,0.5,2.4906252936528985,0.374632685773185,0.5398276859151099,0.6939856838541206,0.9741093872010186,-0.5988768198309742,0.022680552644001494,0.0
paper_binary,0.0005,0.05,30,0.5,2.434535497537652,0.3689764327035585,0.5398010715588384,0.6835414973112739,0.9594409022776395,-0.6003328098971131,0.022680552644001494,0.016261956245749075
paper_binary,0.001,0.1,30,0.5,2.379325121274737,0.36334120785617086,0.5397774452902336,0.6731315119341554,0.9447263964704811,-0.6017840956206219,0.022680552644001494,0.03252391249149815
paper_binary,0.0025,0.25,30,0.5,2.2188370442661918,0.346561003832647,0.5397244986863533,0.6421072318861735,0.9008693234893388,-0.6061098600745607,0.022680552644001494,0.08130978122874535
paper_binary,0.005,0.5,30,0.5,1.9677289883220084,0.31900807010260546,0.5396960429661736,0.5910883992206699,0.8288278155249084,-0.613226620252632,0.022680552644001494,0.1626195624574907
paper_binary,0.01,1.0,30,0.5,1.521517356876041,0.26542419509156256,0.5398633422854153,0.4916507091738003,0.689153648134777,-0.6271178578846326,0.022680552644001494,0.3252391249149814
probability,0.0,0.0,7,0.5,2.3002475595417193,0.3551491111561258,0.5482055403358961,0.6478393321937591,0.952336442759093,-0.6307661330090157,0.016297646775819994,0.0
probability,0.0005,0.05,7,0.5,2.2620285800168793,0.3511372431257218,0.5481917871783566,0.6405372195251035,0.9416536584097045,-0.6315883630721839,0.016297646775819994,0.011685412738262936
probability,0.001,0.1,7,0.5,2.224246630281784,0.34713665967595664,0.5481788043099237,0.6332544362289791,0.9309972456360146,-0.6324089185379979,0.016297646775819994,0.023370825476525872
probability,0.0025,0.25,7,0.5,2.1134738877214847,0.3352023153890573,0.5481444779703594,0.6115218320363763,0.8991904493078411,-0.6348605685630078,0.016297646775819994,0.05842706369131469
probability,0.005,0.5,7,0.5,1.9371433488984842,0.3155346313981684,0.5481026776567772,0.5756852580015248,0.8467319032582568,-0.6389134504996048,0.016297646775819994,0.11685412738262937
probability,0.01,1.0,7,0.5,1.6135355532385223,0.2770217842735998,0.5480768787833571,0.5054432963648162,0.7437873635375613,-0.6469485004744117,0.016297646775819994,0.23370825476525875
probability,0.0,0.0,30,0.5,3.034605468843213,0.42625187527650876,0.5511436425674552,0.7733952500855332,1.1280061342841066,-0.6215901177670056,0.006732896405745238,0.0
probability,0.0005,0.05,30,0.5,3.015259702607997,0.4245080520024018,0.5511343974977031,0.7702441617322043,1.1233124171588782,-0.6218835862225782,0.006732896405745238,0.004827486722919335
probability,0.001,0.1,30,0.5,2.996002524273057,0.4227659825398342,0.5511256340004054,0.7670954796116837,1.1186224918888266,-0.6221768920140356,0.006732896405745238,0.00965497344583867
probability,0.0025,0.25,30,0.5,2.938758653222571,0.41755028263607685,0.551102233166662,0.757663927864729,1.104596259801041,-0.6230558340121729,0.006732896405745238,0.02413743361459668
probability,0.005,0.5,30,0.5,2.8450881411445583,0.40889239157326673,0.551072865122228,0.7419933323746115,1.081320448163495,-0.6245174897368311,0.006732896405745238,0.04827486722919336
probability,0.01,1.0,30,0.5,2.6640882126733296,0.39170699810626797,0.5510502600139492,0.7108371532142138,1.0350505491427067,-0.6274286499984745,0.006732896405745238,0.09654973445838672
